MUNICIPIO;UNIDADE ;ENDERECO;TELEFONES;CNES;ATENDIMENTOS
ADAMANTINA;"Santa Casa de
Misericórdia";"Rua Joaquim Luiz Viana,
209 - Vila Cicma";(18) 3502-2200;2077647.0;"Botrópico, Crotálico, Loxoscélico,
Fonêutrico e Escorpiônico."
AGUAS DE LINDOIA;"Hospital São Camilo
Águas de Lindóia";"Rua Santa Catarina, 158 -
Centro";(19) 3824-1122;2077558.0;Escorpiônico
ALTINOPOLIS;"Hospital de Misericódia
Altinópolis";Rua Coronel Joaquim Alberto, 421 - Centro;(16) 3665-7200/9624;2716593.0;Botrópico, Crotálico e Escorpiônico.
AMERICANA;Hospital Municipal;"Avenida da Saúde, 415 -
Jd. N. Sra. Fátima";(19) 3471-6750;2058790.0;Escorpiônico e Loxoscélico, Fonêutrico.
AMPARO;"Santa Casa Anna
Cintra";"Rua Ana Cintra, 332 -
Centro";(19) 3807-4477;2078848.0;"Botrópico, Crotálico, Escorpiônico e
Loxoscélico, Fonêutrico."
ANDRADINA;"Santa Casa de
Andradina";"Avenida Guanabara, 730 -
Centro";(18) 3702-1100;2082691.0;"Botrópico, Crotálico, Loxoscélico,
Fonêutrico e Escorpiônico"
ANGATUBA;Hospital Angatuba;"Praça Levi Lisboa, 1202 -
Centro";(15)3255-1055/1122;2082748.0;"Botrópico, Crotálico, Escorpiônico e
Loxoscélico, Fonêutrico."
APIAI;"Hospital Doutor
Ademar de Barros";"Rua Primeiro de Maio, 336
- Centro";(15) 3552-1266;2082098.0;"Botrópico, Crotálico, Escorpiônico,
Loxoscélico, Fonêutrico e Lonômico."
ARACATUBA;Santa Casa de Araçatuba;"Rua Floriano Peixoto, 896
- Vila Mendonça";(18) 3607-3000;2078775.0;"Botrópico, Crotálico, Elapídico, Loxoscélico, Fonêutrico, Escorpiônico e
Lonômico."
ARARAQUARA;"Unidade de Retaguarda do
Melhado";Rua Eitor Bim, nº 91, Vila Suconaza, Araraquara;(16) 3305-1500;4047184.0;"Botrópico, Crotálico, Elapídico, Loxoscélico, Fonêutrico, Escorpiônico e
Lonômico."
ARARAS;"Hospital São Luiz de
Araras";"Praça Dr. Narciso Gomes,
49 - Centro";(19) 3543-5400;2081253.0;"Botrópico, Crotálico, Loxoscélico,
Fonêutrico e Escorpiônico."
ASSIS;UPA Ruy Silva;Rua Osmar Luchini, 670 - Jardim Aeroporto;"(18) 3322-3553/3302-
6069";7640307.0;"Botrópico, Crotálico, Elapídico, Escorpiônico, Loxoscélico, Fonêutrico e
Lonômico."
ATIBAIA;Santa Casa de Atibaia;"Praça Dr. Miguel Vairo,
104 - Centro";(11) 4411-0062;5366828.0;"Botrópico, Crotálico, Loxoscélico,
Fonêutrico e Escorpiônico."
AURIFLAMA;"Santa Casa de
Auriflama";"Rua Alfredo Dainesi, 59-52
- Centro";(17) 3482-1282;2081768.0;"Botrópico, Crotálico, Loxoscélico,
Fonêutrico e Escorpiônico."
AVARE;"Santa Casa de
Misericórdia";Rua Paraíba, 1003 - Centro;(14) 3711-9100;2083604.0;"Botrópico, Crotálico, Loxoscélico,
Fonêutrico e Escorpiônico."
BANANAL;"Unidade Mista de Saúde Mons. Cid
França Santos";Avenida Bom Jesus 134 - Centro;(12) 3116-1288/1957;2087642.0;Botrópico, Crotálico, Escorpiônico e Loxoscélico, Fonêutrico.
BARIRI;Santa Casa de Misericórdia de Bariri;"Avenida Coronel Antônio José de
Carvalho,409,  Vila Santa Terezinha";(14) 36626522;2791676.0;Escorpiônico
BARRA BONITA;HOSPITAL E MATERNIDADE SÃO  JOSÉ;RUA 14 DE DEZEMBRO,490-CENTRO;(14) 36417114;2082632.0;Escorpiônico
BARRA DO TURVO;Pronto Socorro de Barra do Turvo;"Rua Vereador Firmino Pedroso dos Santos, 375 -
Boa Esperança";(15) 3578-9420;7631103.0;Botrópico, Crotálico, Escorpiônico e Loxoscélico, Fonêutrico.
BARRETOS;Santa Casa de Barretos;Avenida 23, 1208 - Centro;(17) 3321-2500;2092611.0;"Botrópico, Crotálico, Elapídico, Escorpiônico, Loxoscélico, Fonêutrico e
Lonômico."
BATATAIS;UPA Batatais José Antônio da Silva Neto;"Avenida Moacir Dias de Morais, 525 - Joaquim
Marinheiro";(16) 3761-9474 / 9499;6997600.0;Escorpiônico
BAURU;"Pronto Socorro Municipal Central
(PSMC)";"Rua Rubens Arruda, Qd.
07, s/n";(14) 3104-1160/1166;4047303.0;Botrópico, Crotálico, Escorpiônico, Lonômico e Loxoscélico, Fonêutrico.
BAURU;UPA Bela Vista;"Rua Marçal de Arruda Campos, Quadra 4-45 -
Vila Lemos";(14) 3102-1213/1212/1214/1234;6822576.0;Botrópico, Crotálico, Elapídico, Escorpiônico e Loxoscélico, Fonêutrico.
BEBEDOURO;"Hospital Municipal de
Bebedouro";"Avenida Raul Furquim,
2010 - Jardim Julia";(17) 3344-8100;2082381.0;"Botrópico, Crotálico, Escorpiônico,
Loxoscélico, Fonêutrico e Lonômico."
BERTIOGA;"Hospital Municipal de
Bertioga";"Praça Vicente Molinari,
s/n - Vila Itapanhau";(13) 3319-9900;2083272.0;"Botrópico, Loxoscélico, Fonêutrico e
Escorpiônico."
BIRIGUI;"Pronto Socorro Municipal Dr. Alceu
Lot";Rua Luiz Oba, 249 - Patrimônio Silvares;(18) 3638-8580;9200223.0;Botrópico, Crotálico, Loxoscélico, Fonêutrico e Escorpiônico.
BOCAINA;"Santa casa de
Misericórdia de Bocaina";Rua Cerqueira César,239 - Centro;(14) 3666-1190;2791730.0;Escorpiônico
BORACEIA;"Pronto Atendimento
Municipal de Boracéia";Rua Antônio de Freitas Pereira, 300 - Centro;(14)32959105;9276203.0;Escorpiônico
BOTUCATU;"Hospital da Clínicas da Faculdade de Medicina de
Botucatu";"Avenida Prof. Mario Rubens Guimarães Montenegro, s/n - UNESP
Botucatu";(14) 3811-6129;2748223.0;Botrópico, Crotálico, Elapídico, Laquético, Escorpiônico, Loxoscélico, Fonêutrico e Lonômico
BRAGANCA PAULISTA;"Hospital Universitário
S. Francisco na
Providência de Deus";"Avenida São Francisco de Assis, 218 - Cidade
Universitária";(11) 2454-8681;2704900.0;Botrópico, Crotálico, Loxoscélico, Fonêutrico e Escorpiônico.
BROTAS;Hospital Santa Terezinha;"Av. Rui Barbosa, 703 - Centro, Brotas - SP, CEP
17380-000";(14)3653-9100;2665883.0;Botrópico, Crotálico, Loxoscélico, Fonêutrico e Escorpiônico.
BURI;"Pronto Atendimento Municipal Ítalo
Santucci";Rua Rui Barbosa, 158 - Centro;(15) 3546-1133;6539939.0;Escorpiônico, Loxoscélico, Fonêutrico.
BURITAMA;"Santa Casa de Misericórdia São
Francisco";Rua Guilherme Guerbas, 353 - Centro;(18) 3691-9535;2079461.0;Botrópico, Crotálico, Loxoscélico, Fonêutrico e Escorpiônico.
CACAPAVA;"Hospital N. Sra.
D'Ajuda (FUSAM)";"Rua Pereira de Matos, 63 -
Centro";(12) 3654-8800;2024756.0;"Botrópico, Crotálico, Loxoscélico,
Fonêutricoe Escorpiônico."
CACONDE;Santa Casa de Misericórdia;Rua Padre de Angelis, 39;(19) 3662-1711;2080222.0;"Botrópico, Crotálico, Elapídico, Escorpiônico, Loxoscélico, Fonêutrico e
Lonômico."
CAJATI;Hospital Municipal Reynaldo Guerra;"Avenida dos Trabalhadores, s/n -
Jardim Central";(13) 3854-8500;2078805.0;Botrópico, Escorpiônico e Loxoscélico, Fonêutrico.
CAJURU;"CS II Centro de Saúde
de Cajuru";"Rua Capitão José F. Diniz,
473 - Centro";(16) 3667-9947;2022451.0;Botrópico, Crotálico e Escorpiônico.
CAMPINAS;Complexo Hospitalar Prefeito Edivaldo Orsi;Avenida Ruy Rodrigues, 3434 - Jardim Yeda;(19) 3772-8347/8373;6053858.0;Escorpiônico
CAMPINAS;Hospital das Clínicas da UNICAMP – CCI;Rua Vital Brazil, 251 - Barão Geraldo;(19) 3521-6700/7555;2079798.0;"Botrópico, Crotálico,Elapídico, Escorpiônico, Loxoscélico, Fonêutrico e
Lonômico."
CAMPOS DO JORDAO;"Pronto Atendimento
Municipal";"Rua Harry Mauritz Lenin,
s/n - Santa Cruz";(12) 3664-4424/5292;7947984.0;"Botrópico, Crotálico, Escorpiônico e
Loxoscélico, Fonêutrico."
CANANEIA;Unidade Mista;"Rua Luiz Wilson Barbosa,
s/n - Retiro das Caravelas";(13) 3851-1419;2081822.0;"Botrópico, Escorpiônico e Loxoscélico,
Fonêutrico."
CAPAO BONITO;"Santa Casa de Capão
Bonito";"Rua Dona Auta de
Camargo Lírio, 51 - Centro";(15) 3542-1532;2079097.0;"Botrópico, Crotálico, Escorpiônico e
Loxoscélico, Fonêutrico."
CAPIVARI;"Santa Casa de
Misericórdia";"Praça Dr. Mário Dias de
Aguiar, 1 - Centro";(19) 3491-9191;2748568.0;Botrópico e Escorpiônico.
CARAGUATATUBA;UPA de Caraguatatuba;Avenida Maranhão, 451 - Jd. Primavera;(12) 3897-2100;7184689.0;"Botrópico, Crotálico, Elapídico, Escorpiônico, Loxoscélico, Fonêutrico e
Lonômico."
CASTILHO;"Hospital e Maternidade José
Fortuna";Rua Nagib Muhana Zahi, 457 - Centro;(18) 3741-1580;2079216.0;Botrópico, Crotálico, Loxoscélico, Fonêutrico e Escorpiônico.
CATANDUVA;Hosp. Padre Albino;Rua Belém, 519 - Centro;(17) 3311-3023/3000;2089327.0;"Botrópico, Crotálico, Loxoscélico,
Fonêutrico e Escorpiônico."
CLEMENTINA;"Associação Hospitalar de
Clementina";"Rua Francisco Vasquez, 01
- Centro";(18) 3658-1142;2080982.0;Botrópico, Crotálico, Loxoscélico, Fonêutrico e Escorpiônico.
COLINA;"Hospital José
Venâncio";"Praça Lamounier de
Andrade, 126 - Centro";(17) 3341-1125;2095912.0;"Botrópico, Crotálico, Loxoscélico,
Fonêutrico e Escorpiônico."
COLOMBIA;"Hospital Municipal Júlio Rodrigues de
Paula";Rua Antonio Prado, 807 - Centro;(17) 3335-1116/8787;2090376.0;Botrópico, Crotálico, Loxoscélico, Fonêutrico e Escorpiônico.
CONCHAS;"Hospital Municipal de
Conchas";"Rua Alexandre José, 87 -
Centro";(14) 3845-8400;2700204.0;Escorpiônico
COTIA;Hospital Regional de Cotia;"Avenida Odair Pacheco Pedroso, 171 - Jardim
Monte Santo";(11) 4148-2222/4527;2792141.0;"Botrópico, Crotálico, Elapídico, Loxoscélico, Fonêutrico, Escorpiônico e
Lonômico."
CRAVINHOS;"Pronto Socorro Municipal de
Cravinhos";"Avenida Dona Rita Candida Nogueira, 48 -
Centro";(16) 3951-9020;6325688.0;Escorpiônico
CRUZEIRO;"Santa Casa de
Misericórdia";"Avenida Major Novaes,
715 - Centro";(12) 3184-7000;2024691.0;"Botrópico, Crotálico, Escorpiônico e
Loxoscélico, Fonêutrico."
CUBATAO;"Pronto Socorro Central Guiomar
Ferreira Roebbelen";Avenida 9 de Abril, 2800 - Vila Santa Rosa;(13) 3361-8786;8002428.0;Botrópico, Loxoscélico, Fonêutrico e Escorpiônico.
CUNHA;"Santa Casa Maternidade N. S.
Conceição";Avenida Padre Rodolfo, 320 - Alto do Cruzeiro;(12) 3111-2926/2833;2079518.0;Botrópico, Crotálico, Escorpiônico e Loxoscélico, Fonêutrico.
DOIS CORREGOS;"Santa Casa de
Misericórdia de Dois Corrégos";"Avenida Dr Joaquim
Roberto de Carvalho Pinto,896-Centro";"(14) 36521211 -
3652 9933";2791692.0;Escorpiônico
DRACENA;"Santa Casa de
Dracena";"Rua Virgílio Pagnozzi, 822 -
Centro";(18) 3821-8466;2750988.0;"Botrópico, Crotálico, Escorpiônico e
Loxoscélico, Fonêutrico."
DUARTINA;"Hospital Santa Luzia
de Duartina";"Rua Dr. Gil Borges, 226 -
Centro";(14) 3282-8230;2790637.0;Escorpiônico
ELDORADO;Pronto Atendimento Eldorado;Praça Engenheiro Bauer, 56 - Centro;(13) 3871-1927;2093022.0;Botrópico, Escorpiônico e Loxoscélico, Fonêutrico.
EMBU DAS ARTES;"Pronto Socorro
Municipal";"Avenida Elias Yasbeck,
1415 - Centro";(11) 4785-0151;2077078.0;Botrópico, Crotálico e Escorpiônico.
ESPIRITO SANTO DO PINHAL;Hospital Francisco Rosas;Rua Teixeira Rios, 210 - Centro;(19) 3651-7373;2751623.0;"Botrópico, Crotálico, Elapídico, Escorpiônico, Loxoscélico, Fonêutrico e
Lonômico."
EUCLIDES DA CUNHA PAULISTA;"UBS Vereador Antônio Teixeira
Batata";"Rua Helena Kill Diniz, 1621
- Centro";(18) 3283-1277;2751208.0;Botrópico, Crotálico, Escorpiônico e Loxoscélico, Fonêutrico.
FARTURA;Santa Casa de Fartura;"Praça Dr. José Sebastião
de Oliveira, 44 - Centro";(14) 3382-1100;2092638.0;"Botrópico, Crotálico, Loxoscélico,
Fonêutrico e Escorpiônico."
FERNANDOPOLIS;"Santa Casa de
Fernandópolis";"Avenida Afonso Cáfaro,
2630 - Jd. Santista";(17) 3465-6122;2093324.0;"Botrópico, Crotálico, Escorpiônico e
Loxoscélico, Fonêutrico."
"FERRAZ DE
VASCONCELOS";"Hospital Dr. Osíris
Florindo Coelho";"R. Princesa Isabel, 270-
Vila Correa";(11) 4675.3444;2080079.0;Escorpiônico
FRANCA;Santa Casa de Franca;Praça D. Pedro II, 1826 - Centro;(16) 3711-4000;2705982.0;"Botrópico, Crotálico, Elapídico, Laquético, Escorpiônico, Loxoscélico,
Fonêutrico e Lonômico."
FRANCISCO MORATO;"Hospital Estadual Prof. Carlos da Silva
Lacaz - Criança";Rodovia Manoel Silvério Pinto, 125 - Belém Estação;(11) 4489- 9444;3028399.0;Botrópico, Crotálico, Loxoscélico, Fonêutrico, Escorpiônico e Lonômico.
FRANCO DA ROCHA;"Hospital Estadual Dr. Albano da Franca
Rocha Sobrinho";Avenida Coqueiros, s/n - Centro;(11) 3336- 8200;6878687.0;"Botrópico, Crotálico, Elapídico, Escorpiônico, Loxoscélico, Fonêutrico e
Lonômico."
GENERAL SALGADO;"Santa Casa de
General Salgado";"Rua Nadyr Garcia, 555 -
Centro";(17) 3832-1198/1699;2081652.0;Botrópico, Crotálico e Escorpiônico
GUAIRA;Santa Casa de Guairá;Rua 24, 872 - Paranoá;(17) 3332-7000;2078414.0;"Botrópico, Crotálico, Loxoscélico,
Fonêutrico e Escorpiônico."
GUAPIARA;"Hospital Municipal Joaquim Raimundo
Gomes";Rua 21 de Abril, 19 - Centro;(15) 3547-1270/99639-5296;2083264.0;"Botrópico, Crotálico, Escorpiônico, Fonêutrico, Loxoscélico, Fonêutrico e
Lonômico."
GUARACAI;"Hospital e Maternidade de
Guaraçaí";Rua Benedito Ben-Hur Louzada, 1210 - Centro;(18) 3705-1279;2081520.0;Botrópico, Crotálico, Loxoscélico, Fonêutrico e Escorpiônico.
GUARARAPES;"Santa Casa de
Guararapes";"Avenida Marechal
Floriano, 1602 - Centro";(18) 3661-1794;2081814.0;"Botrópico, Crotálico, Loxoscélico,
Fonêutrico e Escorpiônico."
GUARATINGUETA;UPA III;"R. Rangel Pestana, 195 –
Centro";"(12) 2131-1900 -
Ramal 2030";3840573.0;"Botrópico, Crotálico, Escorpiônico e
Loxoscélico, Fonêutrico."
GUARUJA;"Hospital Santo
Amaro";"Rua Quinto Bertoldi, 40 -
Vila Maia";(13) 3389-1515;2754843.0;"Botrópico, Loxoscélico, Fonêutrico e
Escorpiônico."
GUARULHOS;"Hospital Municipal da Criança e do Adolescente de
Guarulhos";Rua José Maurício, 191 - Centro, Guarulhos - SP, CEP 07011-060;(11) 2475-9688;2080427.0;Botrópico, Crotálico e Escorpiônico
GUARULHOS;"Hospital Municipal de
Guarulhos";"Avenida Tiradentes, 3392 -
Bom Clima";(11) 2475-7449;2082861.0;"Botrópico, Crotálico, Loxoscélico,
Fonêutrico, Escorpiônico e Lonômico."
IACRI;"Pronto Atendimento
Municipal";"Rua Bandeirantes, 1341 -
Centro";(14) 3489-1294;2082578.0;Escorpiônico
IBITINGA;"Santa Casa de Caridade e
Maternidade";Rua Domingos Robert, 1090 - Centro;(16) 3352-7711;2082640.0;Botrópico, Crotálico, Loxoscélico, Fonêutrico e Escorpiônico.
IEPE;"Hospital Municipal de
Iepê";"Rua José Simões Filho, 81 -
Residencial Oiti";(18) 3264-1441;2750538.0;"Botrópico, Crotálico, Loxoscélico,
Fonêutrico e Escorpiônico."
IGARACU DO TIETE;UPA -Domingos Bergamasco;Rua Maria do Carmo Nicolette Ortega,168;14997103613;2962888.0;Escorpiônico
IGARAPAVA;"Santa Casa de
Igarapava";"Rua Cel. Francisco
Martins, 769 - Centro";(16) 3172-1611;2079348.0;"Botrópico, Crotálico, Loxoscélico,
Fonêutrico e Escorpiônico."
IGUAPE;"Unidade Mista ed
Iguape";"Rua dos Estudantes, 40 -
Centro";(13) 3841-3366;2081857.0;"Botrópico, Escorpiônico e Loxoscélico,
Fonêutrico."
ILHA COMPRIDA;"Pronto Atendimento Municipal Valdir M.
Sampaio";Avenida São Paulo, s/n - Adriana;(13) 3842-1629;2041979.0;Botrópico, Escorpiônico e Loxoscélico, Fonêutrico.
ILHA SOLTEIRA;"Hospital Regional de
Ilha Solteira";"Alameda Bahia, 618 -
Centro";(18) 3743-1500;2078511.0;"Botrópico, Crotálico, Loxoscélico,
Fonêutrico e Escorpiônico."
ILHABELA;Hospital Municipal Gov. Mario Covas Jr.;"Rua Prof. Malaquias de Oliveira Freitas, 154 -
Barra Velha";(12) 3895-3520;2747871.0;"Botrópico, Crotálico, Elapídico, Escorpiônico, Loxoscélico, Fonêutrico e
Lonômico."
INDAIATUBA;Hospital Augusto de Oliveira Camargo;"Avenida Francisco de Paula Leite, 399 - Santa
Cruz";"(19) 3801-8200 R.
8347";2784602.0;Escorpiônico e Loxoscélico, Fonêutrico.
IPORANGA;Pronto Atendimento;"Rua 12 de Janeiro, 17 -
Centro";(15) 3556-1584;2042339.0;"Botrópico, Crotálico, Loxoscélico,
Fonêutrico e Escorpiônico."
IPUA;Santa Casa de Ipuã;"Rua Ferdinando Fratin,
335 - Centro";(16) 3832-1222;2080451.0;"Botrópico, Crotálico, Loxoscélico,
Fonêutrico e Escorpiônico."
ITABERA;Hospital Municipal;Rua Vinte e Três de Maio, 385 - Centro;(15) 3562-1336/99766-0948;7603274.0;Botrópico, Crotálico, Escorpiônico, Loxoscélico, Fonêutrico.
ITANHAEM;UPA Itanhaém;"Rua Jose Ernesto Bechelli,
s/n - Jd. Sabaúna";(13) 3427-1111;7711077.0;"Botrópico, Crotálico, Elapídico,
Escorpiônico e Loxoscélico, Fonêutrico."
ITAPECERICA DA SERRA;"Maternidade Municipal Zoraide
Eva das Dores";Rua Carlos Eduardo D. Tautico, 77 - Centro;(11) 4668-6803;2086271.0;Botrópico, Crotálico, Loxoscélico, Fonêutrico e Escorpiônico.
ITAPETININGA;"Hospital Dr. Leo Orsi
Bernardes";"Rua Padre Albuquerque,
245 - Centro";(15) 3275-7800;3139050.0;"Botrópico, Crotálico, Escorpiônico e
Loxoscélico, Fonêutrico."
ITAPEVA;Santa Casa de Misericórdia;Rua Santos Dumont, 433 - Centro;(15) 3521-9500/99763-8307;2027186.0;"Botrópico, Crotálico, Elapídico, Escorpiônico, Loxoscélico, Fonêutrico e
Lonômico."
ITAPEVI;"Hospital Geral de
Itapevi";"Rua Jesuino Joaquim da
Silva, s/n - Jd. Nova Itapevi";(11) 4143 - 8600;2078104.0;Escorpiônico
ITAPIRA;Hospital Municipal de Itapira;"Rua Reverendo Alfredo Guimarães, 111 - São
Benedito";(19) 3913-9393;2081091.0;"Botrópico, Crotálico, Elapídico, Escorpiônico, Loxoscélico, Fonêutrico e
Lonômico."
ITAPIRAPUA PAULISTA;"Unidade Básica de Saúde da Família
Itapirapuã Paulista";Rua Carlina Camargo de Oliveira, 52 - Centro;(15)3548-1310;2047772.0;Escorpiônico e Loxoscélico, Fonêutrico.
ITAPOLIS;"SANTA CASA DE MISERICÓRDIA DE
ITÁPOLIS";;;;BOTRÓPICO, CROTÁLICO, Loxoscélico, Fonêutrico E ESCORPIÔNICO
ITAPUI;"Hospital São José
- Itapui";Avenida Paes de Barros,326-Centro;(14) 3664-8040;2079224.0;Escorpiônico
ITARARE;"Santa Casa de
Misericórdia";Rua São Pedro, 30 - Centro;"(15) 3532-
3783/99713-4686";2081555.0;"Botrópico, Crotálico, Escorpiônico e
Loxoscélico, Fonêutrico."
ITARIRI;Unidade Mista Taminato Tion;"Rua Benedito Calixto, 260
- Centro";(13) 3418-8000;7433654.0;Botrópico, Crotálico, Loxoscélico, Fonêutrico e Escorpiônico.
ITATIBA;"Santa Casa de Misericórdia de
Itatiba";Avenida da Saudade, 43 - Centro;(11) 4594-8899;2023709.0;Botrópico, Crotálico, Loxoscélico, Fonêutrico e Escorpiônico.
ITIRAPINA;"Hospital São José
Itirapina";"Avenida Nove, 709 - Vila
Cianeli";(19) 3575-9200;2798239.0;Escorpiônico
ITU;Santa Casa de Itu;"Rua Joaquim Berbardes
Borges, 372 - Centro";(11) 4013-8000;2092298.0;"Botrópico, Crotálico, Escorpiônico e
Loxoscélico, Fonêutrico."
ITUVERAVA;"Santa Casa de Misericórdia de
Ituverava";Praça Monsenhor João Rulli, 729 - Centro;(16) 3839-1200;2751704.0;Botrópico, Crotálico, Loxoscélico, Fonêutrico e Escorpiônico.
JACAREI;UPA lll Dr. Telmo de Almeida Cruz;"Avenida Engenheiro David Monteiro Lino, 577 -
Centro";(12) 3959-2270;9211861.0;Botrópico, Crotálico, Elapídico, Loxoscélico, Fonêutrico e Escorpiônico.
JACUPIRANGA;Pronto Atendimento;"Rua Eunice Carneiro de
Paula, 101 - Centro";(13) 3864-3440;2078309.0;"Botrópico, Escorpiônico e Loxoscélico,
Fonêutrico."
JALES;"Unidade de Pronto
Atendimento de Jales";"Rua Sebastião Martins,
2373 - Jardim Samambaia";(17) 3632-8747;7126484.0;"Botrópico, Crotálico, Elapídico,
Loxoscélico, Fonêutrico e Escorpiônico."
JAU;Santa Casa de Jaú;"Rua Riachuelo, 1073 -
Centro";(14) 3622-4040;2791722.0;"Botrópico, Crotálico, Loxoscélico,
Fonêutrico e Escorpiônico."
JOSE BONIFACIO;"Santa Casa de
Misericórdia";"Rua XV de Novembro, s/n
- Bela Vista";(17) 3265- 9022;2080095.0;"Botrópico, Crotálico, Loxoscélico,
Fonêutrico e Escorpiônico"
JUNDIAI;"Hospital São Vicente
de Paulo";"Rua São Vicente de Paulo,
223 - Centro";(11) 4583-8155;2786435.0;"Botrópico, Crotálico, Loxoscélico,
Fonêutrico e Escorpiônico."
JUNDIAI;Hospital Universitário;"Praça Rotatória, s/n -
Jardim Messina";(11) 4527-5700;3012212.0;"Botrópico, Crotálico, Loxoscélico,
Fonêutrico e Escorpiônico."
JUNQUEIROPOLIS;Santa Casa de Junqueirópolis;Rua Porto Alegre, 1221 - Centro;(18) 3841-9420;2751003.0;Botrópico, Crotálico, Escorpiônico e Loxoscélico, Fonêutrico.
JUQUIA;"Hospital Santo
Antonio";"Praça Felipe Fernandes,
108 - Centro";(13) 3844-1422;2093030.0;"Botrópico, Escorpiônico e Loxoscélico,
Fonêutrico."
JUQUITIBA;"Unidade Mista de
Saúde de Juquitiba";"Rua José Antonio Nunes,
90 - Centro";(11) 4681-4226;4048660.0;"Botrópico, Crotálico, Loxoscélico,
Fonêutrico, Escorpiônico e Lonômico."
LAGOINHA;Centro de Saúde III;"R: Antonio da Cunha
Bueno, 25, cep:12130-000";(12) 36471238 r 29;2561549.0;"Botrópico, Crotálico, Escorpiônico e
Loxoscélico, Fonêutrico."
LARANJAL PAULISTA;"Santa Casa de
Laranjal Paulista";"Rua Governador Pedro de
Toledo, 633 - Centro";(15) 3383-9191;2079976.0;Escorpiônico
LEME;Santa Casa de Leme;"Rua Padre Julião, 1213 -
Centro";(19) 3573-6500;2078074.0;"Botrópico, Crotálico, Loxoscélico,
Fonêutrico e Escorpiônico."
LENCOIS PAULISTA;"UPA de Lençóis
Paulista";"Rua Sete de Setembro,
600 -  Centro";(14) 3264-8668;5625416.0;Escorpiônico
LIMEIRA;"Santa Casa de
Misericórdia";"Avenida Antonio Ometto,
675 - Vila Claudia";(19) 3446-6100;2081458.0;"Botrópico, Crotálico, Loxoscélico,
Fonêutrico e Escorpiônico."
LINS;Santa Casa de Lins;"Rua Pedro de Toledo, 486
- Centro";(14) 3533-2500;2758245.0;"Botrópico, Crotálico, Escorpiônico,
Laquético e Loxoscélico, Fonêutrico"
LORENA;"Pronto Socorro
Municipal";"Rua Dom Bosco, 562 -
Centro";(12) 3159-3344;2087111.0;"Botrópico, Crotálico, Escorpiônico e
Loxoscélico, Fonêutrico."
MACAUBAL;Santa Casa de Macaubal;"RUA SETE DE SETEMBRO, Nº 1203 - CENTRO, 15270-
000";(17)3874-1408;2081792.0;Escorpiônico
MAIRIPORA;"Hospital e Maternidade de
Mairiporã";Rua Ipiranga nº 280, Centro;(11) 4419- 4422;2086336.0;Escorpiônico
MARILIA;"Hospital de Clínicas I HCFAMEMA
(Adultos)";Rua Doutor Reinaldo Machado, 255 - Fragata;(14) 3402-1744;2025507.0;"Botrópico, Crotálico, Elapídico, Escorpiônico, Loxoscélico, Fonêutrico e
Lonômico."
MARILIA;"Hospital de Clínicas II Unidade Materno
Infantil (Crianças)";"Avenida Carlos Gomes, s/n
- Centro";(14) 3402-1744;2025523.0;"Botrópico, Crotálico, Elapídico, Escorpiônico, Loxoscélico, Fonêutrico e
Lonômico."
MARTINOPOLIS;"Santa Casa de Misericórdia Padre
João Schneider";Rua José Henrique de Mello, 236 - Centro;(18) 3275-1000;2751011.0;Botrópico, Crotálico, Loxoscélico, Fonêutrico e Escorpiônico.
MATAO;"Hospital Carlos
Fernando Malzoni";"Rua Sinharinha Frota, 556
- Centro";(16) 3383-2500;2090961.0;"Botrópico, Crotálico, Loxoscélico,
Fonêutrico e Escorpiônico."
MINEIROS DO TIETE;"Pronto Atendimento
Municipal de Mineiros do Tietê";Rua Subdelegado Ferrinho,535-Centro;"(14) 3646-3800  -
36461217";4048725.0;Escorpiônico
MIRACATU;Unidade Hospitalar de Miracatu;"Avenida Dona Evarista de
Castro Ferreira, 77 -               (13) 3847-7010
Centro";;2072653.0;Botrópico, Escorpiônico e Loxoscélico, Fonêutrico.
MIRANDOPOLIS;"Hospital Estadual de Mirandópolis Dr.
Oswaldo Brandi Faria";Avenida Dr. Raul da Cunha Bueno, 585 - Centro;(18) 3701-1611;2083019.0;Botrópico, Crotálico, Loxoscélico, Fonêutrico e Escorpiônico.
"MIRANTE DO
PARANAPANEMA";AME Mirante;"Avenida Zil Brasil, 320 -
Centro";(18) 3991-1292;2062852.0;"Botrópico, Crotálico, Escorpiônico e
Loxoscélico, Fonêutrico."
MOCOCA;"UPA 24 Horas Dr. Amadeu Vieira
Guerra";Avenida da Saudade, 189           (19) 3656-9200;;9389822.0;"Botrópico, Crotálico, Elapídico, Escorpiônico, Loxoscélico, Fonêutrico e
Lonômico."
MOGI DAS CRUZES;Hospital das Clínicas Luzia de Pinho Melo;Rua Manoel de Oliveira, s/n - Mogilar;(11) 3583-2800;2080680.0;"Botrópico, Crotálico, Elapídico, Loxoscélico, Fonêutrico, Escorpiônico e
Lonômico."
MOGI GUACU;Santa Casa de Mogi Guaçu;Rua Chico de Paula, 608 - Centro;(19) 3818-5943;2096463.0;"Botrópico, Crotálico, Elapídico, Escorpiônico, Loxoscélico, Fonêutrico e
Lonômico."
MOGI MIRIM;"Pronto Socorro da Santa Casa de Mogi
Mirim";"Rua Maestro azevedo, 124
- Centro";(19) 3814-3000;2088193.0;Escorpiônico
MONGAGUA;"Unidade de Pronto Atendimento de
Agenor de Campos";"Avenida Monteiro Lobato,        (13) 3507-1110 /
9400 - Agenor de Campos              3506-5044                9364226";;;Botrópico, Crotálico, Loxoscélico, Fonêutrico e Escorpiônico.
MONTE ALTO;"Pronto Socorro Dr. Adaucto Freire de
Andrade Monte Alto";Rua Jeremias de Paula Eduardo, 2287 - Centro;(16) 3242-2100 / 8358;4048830.0;Escorpiônico
MONTE APRAZIVEL;"Irmandade da Santa casa de Misericórdia
de Monte Aprazível";RUA SÃO JOÃO, 729, CENTRO, 15150-000;(17)3275-9510;2082667.0;Escorpiônico
MONTEIRO LOBATO;"Centro de Saúde III de Monteiro Lobato
Dr. João Auriccho";Rua Antônio Alves Magalhães, 20 - Centro;(12) 3979-1124;2038110.0;Escorpiônico, Fonêutrico e Loxoscélico, Fonêutrico.
MORRO AGUDO;Hospital São Marcos;"Rua Sebastião Antonio Muniz, 164 - Parque Dom
Pedro";(16) 3851-3000;2745801.0;Botrópico, Crotálico, Loxoscélico, Fonêutrico e Escorpiônico.
NOVA CAMPINA;"Unidade de Saúde João Rodrigues de
Proença";"R. JOÃO NUNES DE OLIVEIRA, 525 - CENTRO -
18435-000";(15) 3535-1264;2063999.0;Escorpiônico e Loxoscélico, Fonêutrico
NOVA GRANADA;Santa Casa de Nova Granada;Avenida Dr. Hilberto A. Ferreira, 1271 - Centro;(17) 3262-2843;2082659.0;Escorpiônico
NOVO HORIZONTE;"Irmandade Santa
Casa de Misericórdia";"Rua Vinte e Oito de
Outubro, 1202 - Centro";(17) 3542 9292/1020;2088487.0;Botrópico, Crotálico e Escorpiônico
OLIMPIA;"Unidade de Pronto Atendimento 24h
Wilson Zangirolami";Avenida Valdemar Lopes Ferraz, 288 - Centro;"(17) 3281-6044/3280-
6305";7040792.0;Botrópico, Crotálico, Escorpiônico, Loxoscélico, Fonêutrico e Lonômico.
ORINDIUVA;Santa Casa de Orindiúva;"AV. FRANCISCO TOMÁS AQUINO, 170 - 250, ORINDIÚVA - SP, 15480-
000";(17)3816-1297;2063018.0;Botrópico, Crotálico e Escorpiônico
ORLANDIA;"Hospital Beneficente Santo Antonio de
Orlândia";Avenida 3, 941 - Centro;(16) 3820-4200;2745798.0;Botrópico, Crotálico, Loxoscélico, Fonêutrico e Escorpiônico.
OURINHOS;"Santa Casa de
Ourinhos";"Rua D. Pedro I, 716 - Vila
Moraes";(14) 3322-1133;4049020.0;"Botrópico, Crotálico, Loxoscélico,
Fonêutrico e Escorpiônico."
OUROESTE;"Hosp. Municipal João
Veloso Ouro Oeste";"Avenida Bandeirantes,
1026 - Centro";(17) 3843-1312;2716291.0;"Botrópico, Crotálico, Escorpiônico e
Loxoscélico, Fonêutrico."
PANORAMA;"Santa Casa de
Panorama";"Rua Manoel Fernandes da
Cunha, 512 - Centro";(18) 3871-1583;2079283.0;"Botrópico, Crotálico, Escorpiônico e
Loxoscélico, Fonêutrico."
"PARAGUACU
PAULISTA";"Santa Casa de
Paraguaçu Paulista";"Rua Caramuru, 568 -
Centro";(18) 3361-1133;2082519.0;"Botrópico, Crotálico, Loxoscélico,
Fonêutrico e Escorpiônico."
PARAIBUNA;"Pronto Socorro Municipal de
Paraibuna";Praça Dr. João Cavalcante Albuquerque, 23 - Centro;(12) 3974-0003;4049039.0;Botrópico, Crotálico, Escorpiônico, Loxoscélico, Fonêutrico e Lonômico.
PARANAPANEMA;"Hospital Municipal
Leonardus Van Mellis";"Rua Urias Domingues
Leite, s/n - Centro";(14) 3713-9131;6603378.0;Escorpiônico
PARIQUERA-ACU;Hospital Regional Dr. Leopoldo Bevilacqua;Rua dos Expedicionários, 140 - Centro;(13) 3856-9600;2077434.0;Botrópico, Crotálico, Loxoscélico, Fonêutrico, Lonômico e Escorpiônico.
PATROCINIO PAULISTA;"Santa Casa de
Patrocínio Paulista";"Rua Cônego Peregrino,
1281 - Centro";(16) 3145-1121;2078449.0;"Botrópico, Crotálico, Loxoscélico,
Fonêutrico e Escorpiônico."
PAULINIA;Hospital Municipal de Paulínia;"R. Miguel Vicente Cury, 100 - Nova Paulínia,
Paulínia - SP, 13140-000";(19) 3874-5500;2081059.0;Escorpiônico
PEDREGULHO;"Santa Casa de Misericórdia de
Pedregulho";"Rua Tenente Salviano, 125
- Centro";(16) 3171-2149;2080478.0;Botrópico, Crotálico, Loxoscélico, Fonêutrico e Escorpiônico.
PEDRO DE TOLEDO;Unidade Mista de Pedro de Toledo;"Avenida Coronel Raimundo Vasconcelos,
365 - Centro";(13) 3419-7010;2081830.0;Botrópico, Loxoscélico, Fonêutrico e Escorpiônico.
PENAPOLIS;"Santa Casa de
Penápolis";"Avenida Santa Casa, 566 -
Centro";(18) 3652-2210;2078503.0;"Botrópico, Crotálico, Loxoscélico,
Fonêutrico e Escorpiônico."
PEREIRA BARRETO;"Santa Casa de Misericórdia de
Pereira Barreto";Rua Dermival Franceschi, 505 - Vila Carvalho;(18) 3704-4255;2083027.0;Botrópico, Crotálico, Loxoscélico, Fonêutrico e Escorpiônico.
PERUIBE;"Unidade de Pronto Atendimento de
Peruíbe";"Avenida Prof. Terezinha Rodrigues Kalil, s/n -
Parque Daville";(13) 3454-1589;7135173.0;Botrópico, Crotálico, Loxoscélico, Fonêutrico e Escorpiônico.
PIEDADE;"HOSPITAL Santa Casa
- Piedade";"Rua Quintino Bocaiuva, nº
154, Centro";(15) 3244-8200;2078139.0;"Botrópico, Crotálico, Escorpiônico e
Loxoscélico, Fonêutrico."
PINDAMONHANGABA;"Pronto Socorro Municipal de
Pindamonhangaba";Rua Major José dos Santos Moreira, 466 - Centro;"(12) 3643-2644/3642-
2244 R. 270";9225137.0;Botrópico, Crotálico, Escorpiônico e Loxoscélico, Fonêutrico.
PIRACICABA;Nova UPA Vila Cristina Piracicaba;Rua Dona Anésia, s/n - Jaraguá;(19) 3434-2296;135062.0;Escorpiônico
PIRACICABA;Santa Casa de Piracicaba;Avenida Independência, 953 - Alto;(19) 3417-5000;2772310.0;"Botrópico, Crotálico, Elapídico, Escorpiônico, Loxoscélico, Fonêutrico e
Lonômico."
PIRAJU;Hospital de Piraju;"Rua 7 de Setembro, 818 -
Centro";(14) 3305-9444;2081350.0;"Botrópico, Crotálico, Loxoscélico,
Fonêutrico e Escorpiônico."
PIRAJUI;Santa Casa de Pirajuí;"Avenida Rui Barbosa Lima,
746 - Centro";(14) 3572-1828;2080370.0;Escorpiônico
PIRAPOZINHO;"Pronto Atendimento Municipal de
Pirapozinho";Rua Euclides da Cunha, 191 - Centro;(18) 3269-2609;4049187.0;Escorpiônico
PIRASSUNUNGA;"Santa Casa de
Pirassununga";"Avenida Newton Prado,
1883 - Centro";(19) 3565-8100;2785382.0;"Botrópico, Crotálico, Loxoscélico,
Fonêutrico e Escorpiônico."
PORTO FERREIRA;"Hospital Dona
Balbina";"Rua Dr. Carlindo Valeriani,
377 - Centro";(16) 3389-5500;2082322.0;"Botrópico, Crotálico, Loxoscélico,
Fonêutrico e Escorpiônico."
PRAIA GRANDE;"Complexo Hospitalar
Irmã Dulce";"Rua Dair Borges, 550 -
Boqueirão";(13) 3476 4435;2716097.0;"Botrópico, Crotálico, Loxoscélico,
Fonêutrico e Escorpiônico."
"PRESIDENTE
EPITACIO";"Santa Casa de
Presidente Epitácio";"Rua Antonio Venâncio
Lopes, 942 - Vila Maria";(18) 3251-8010;2751038.0;"Botrópico, Crotálico, Escorpiônico e
Loxoscélico, Fonêutrico."
PRESIDENTE PRUDENTE;"Hosp. Reg. de Presidente Prudente Domingos Leonardo
Cerávolo";Rua José Bogiovani, 900 - Cidade Universitária;(18) 3229-1500;2755130.0;Botrópico, Crotálico, Elapídico, Escorpiônico, Loxoscélico, Fonêutrico e Lonômico.
PRESIDENTE PRUDENTE;"Santa Casa Hospital Dr. Aristóteles
Oliveira Martins";Rua Venceslau Braz, 05 - Vila Euclides;(18) 2101-8000;2080532.0;"Botrópico, Crotálico, Elapídico, Escorpiônico, Loxoscélico, Fonêutrico e
Lonômico."
PRESIDENTE VENCESLAU;Santa Casa de Presidente Venceslau;"Rua Emiliano Vilanova, 66
- Centro";(18) 3271-2411;2078139.0;Botrópico, Crotálico, Escorpiônico e Loxoscélico, Fonêutrico.
PROMISSAO;Hospital Geral de Promissão;"Av. Gen. Euríco Gaspar Dutra, 620 - Centro, Promissão - SP, CEP
16370-000";(14) 3541-0644;2790610.0;Botrópico, Crotálico, Loxoscélico, Fonêutrico e Escorpiônico.
RANCHARIA;"Hospital e Maternidade de
Rancharia";Rua Mário César de Camargo, 1559 - Centro;(18) 3265-1511;2081873.0;Botrópico, Crotálico, Escorpiônico e Loxoscélico, Fonêutrico.
REGISTRO;Unidade de Pronto Atendimento;"Avenida Nelson Brihi Badur, 605 - Vila São
Nicolau";(13) 38213155;7467206.0;Escorpiônico
RIBEIRAO BRANCO;"Hospital Municipal
Maria Rosa Cardoso";"Rua Capitão Elias Pereira,
1198 - Centro";"(15) 3553-
1144/99716-4744";2705249.0;"Botrópico, Crotálico, Escorpiônico e
Loxoscélico, Fonêutrico."
RIBEIRAO PRETO;Hospital das Clínicas FAEPA Ribeirão Preto;"Campus Universitário, s/n
- Monte Alegre";(16) 3602-1157;2082187.0;"Botrópico, Crotálico, Elapídico, Escorpiônico, Loxoscélico, Fonêutrico e
Lonômico."
RIO CLARO;"Pronto Socorro
Municipal";Avenida 15, s/n - Centro;(19) 3533-5484;2034441.0;"Botrópico, Crotálico, Loxoscélico,
Fonêutrico e Escorpiônico."
RIOLANDIA;"Santa Casa de
Riolândia";Rua 10, 865 - Centro;(17) 3291-1588;2081571.0;Escorpiônico
ROSANA;"Hospital Estadual
Porto Primavera";"Rua do Hospital, 135 -
Primavera";(18) 3284-9500;2750546.0;"Botrópico, Crotálico, Escorpiônico e
Loxoscélico, Fonêutrico."
SALESOPOLIS;Santa Casa de Salesópolis;Praça Padre João Mendes, 31 - Centro;(11) 4696-1411;2079380.0;Botrópico, Crotálico, Loxoscélico, Fonêutrico, Escorpiônico e Lonômico.
SANTA BARBARA D'OESTE;"Pronto Socorro Municipal Dr. Edson Daniel dos Santos
Mano";Rua Alice Aranha de Oliveira, 45 - Vila Maria;(19) 3464-9210;6754775.0;Escorpiônico e Loxoscélico, Fonêutrico.
SANTA CRUZ DAS PALMEIRAS;"Posto de Atendimento Imediato (PAI) ""Dr.
José Zenedin""";Rua Jovino Martins da Silva, 192. Jd. São Carlos;(19) 3672-9069;4752953.0;Botrópico, Crotálico, Escorpiônico, Fonêutrico e Loxoscélico.
"SANTA CRUZ DO RIO
PARDO";"Santa Casa de Santa
Cruz do Rio Pardo";"AV. DR. CIRO DE MELLO
CAMARINHA 530, CENTRO";(14) 3332-1222;2084058.0;"Botrópico, Crotálico, Loxoscélico,
Fonêutrico e Escorpiônico."
SANTA FE DO SUL;"Unidade de Pronto
Atendimento (UPA)";Rua 01, 800 - Centro;(17) 3631-1015;7409354.0;"Botrópico, Crotálico, Escorpiônico e
Loxoscélico, Fonêutrico."
SANTA ISABEL;"UPA - Unidade de Pronto Atendimento
I Santa Isabel";Rua Castelo Branco, 320 - Jaguari;(11) 4656-8150/8151/8152;7094132.0;Botrópico, Crotálico, Loxoscélico, Fonêutrico, Escorpiônico e Lonômico.
"SANTA RITA DO
PASSA QUATRO";"Santa Casa Santa Rita     Rua Inácio Ribeiro, 279 -            (19) 3582-9555
do Passa Quatro                         Centro";;;2091267.0;Botrópico, Crotálico e Escorpiônico.
SANTO ANASTACIO;Santa Casa de Santo Anastácio;Praça Dr. Luiz Ramos e             (18) 3263-1155 Silva, 328 - Centro;;2751046.0;Botrópico, Crotálico, Escorpiônico e Loxoscélico, Fonêutrico.
SANTO ANTONIO DO ARACANGUA;"Centro de Saúde ll de Santo Antônio do
Aracanguá";"Avenida dos Eugenios, 451
- Jardim Triângulo";(18) 3639-9595;3198294.0;Escorpiônico.
SANTOS;Hospital Guilherme Álvaro;Rua Oswaldo Cruz, 197 - Boqueirão;(13) 3202-1300;2079720.0;"Botrópico, Crotálico, Elapídico, Escorpiônico, Loxoscélico, Fonêutrico e
Lonômico."
SAO BENTO DO SAPUCAI;"Pronto Socorro Municipal de São
Bento do Sapucaí";Praça General Marcondes Salgado, 34 - Centro;(12) 3971-7000;3018318.0;Botrópico, Crotálico, Escorpiônico e Loxoscélico, Fonêutrico.
SAO BERNARDO DO CAMPO;Hospital e Pronto Socorro Central;"Rua Secondo Modolin, 499
- Centro";"(11) 2630-6029/6028/96605-
1801";2069776.0;Escorpiônico
SAO CARLOS;Santa Casa de São Carlos;"Rua Paulino Botelho de Abreu Sampaio, 573 - Vila
Pureza";(16) 3509-1100;2080931.0;Botrópico, Crotálico, Escorpiônico, Loxoscélico, Fonêutrico e Lonômico.
SAO JOAO DA BOA VISTA;"Santa Casa de Misericórdia Dona
Carolina Malheiros";Rua Carolina Malheiros, 92 - Vila Conrado;(19) 3633-2222;2084228.0;"Botrópico, Crotálico, Elapídico, Escorpiônico, Loxoscélico, Fonêutrico e
Lonômico."
"SAO JOAQUIM DA
BARRA";"Santa Casa de São
Joaquim da Barra";"Rua Piratininga, 1221 -
Centro";(16) 3810-4000;2080044.0;"Botrópico, Crotálico, Loxoscélico,
Fonêutrico e Escorpiônico."
"SAO JOSE DO
BARREIRO";"Unidade Mista de
Saúde Dr. Acácio";"Rua José Bento Teixeira,
s/n - Centro";(12) 3117-1339;2079771.0;"Botrópico, Crotálico, Escorpiônico e
Loxoscélico, Fonêutrico."
"SAO JOSE DO RIO
PARDO";Hospital São Vicente;"Rua Coronel Alípio Dias,
620 - Centro";"(19) 3682-7826/3608-
7484";2080923.0;"Botrópico, Crotálico, Escorpiônico,
Loxoscélico, Fonêutrico e Lonômico."
SAO JOSE DO RIO PRETO;"HOSPITAL DE BASE DE SÃO JOSÉ DO RIO
PRETO";AV. BRIGADEIRO FARIA LIMA 5544;(17) 3201-5000;2077396.0;"Botrópico, Crotálico, Elapídico, Escorpiônico, Loxoscélico, Fonêutrico e
Lonômico."
SAO JOSE DO RIO PRETO;UPA JAGUARÉ;"Av. Danilo Galeazzi, 2450. Bairro Jaguaré. CEP 15052-
276";;6270131.0;Escorpiônico
SAO JOSE DO RIO PRETO;UPA NORTE;"Rua Manoel Moreno, 130. Bairro Jardim Antunes.
CEP 15047-050";(17) 3237-5316;7383274.0;Escorpiônico
SAO JOSE DOS CAMPOS;Hospital de Base;AV. BRIGADEIRO FARIA LIMA 5544;(17) 3201-5000;9491252.0;"Botrópico, Crotálico, Elapídico, Laquético, Escorpiônico, Loxoscélico,
Fonêutrico e Lonômico."
SAO JOSE DOS CAMPOS;"HOSPITAL DE
CLÍNICAS SUL";"PRAÇA NATAL, 55 PARQUE
INDUSTRIAL";(12)3935-8100;26417.0;Escorpiônico
SAO JOSE DOS CAMPOS;"Hospital Municipal Dr. José de Carvalho
Florence";Rua Saigiro Nakamura, 800 - Vila Industrial;"(12) 3901-3400/3912-
1232";9628.0;Botrópico, Crotálico, Elapídico, Loxoscélico, Fonêutrico e Escorpiônico.
SAO JOSE DOS CAMPOS;"UPA São Francisco
Xavier";"Rua Quinze de Novembro,
s/n - Centro";(12) 3926-1266;9164.0;"Botrópico, Crotálico, Loxoscélico,
Fonêutrico e Escorpiônico."
"SAO LUIS DO
PARAITINGA";"Santa Casa de
Misericórdia";"Praça Coronel Teodoro
Coelho, 48 - Centro";(12) 3671-1299;2079690.0;"Botrópico, Crotálico, Escorpiônico e
Loxoscélico, Fonêutrico."
SAO MIGUEL ARCANJO;Hospital Municipal;"Rua Antonia Fogaça Almeida Lima, 420 -
Centro";(15) 3279-3162;6022502.0;Botrópico, Crotálico, Escorpiônico e Loxoscélico, Fonêutrico.
SAO PAULO;"Hospital Geral do Grajaú Prof. Liber
John Alphonse Di Dio";"Rua Francisco Octavio Pacca, 180 - Parque das
Nações";(11) 3544-9444;2077671.0;Escorpiônico
SAO PAULO;"Hospital Katia de Souza Rodrigues
Taipas";"Avenida Elísio Teixeira Leite, 6999 - Parada de
Taipas";(11) 3973-0400;2082225.0;Escorpiônico
SAO PAULO;"HOSPITAL MUNICIPAL DE
PARELHEIROS";"RUA EUZÉBIO COGHI, 841. JARDIM ROSCHEL. SÃO
PAULO – SP, 04883-290.";(11)4673-9660;6135927.0;Botrópico, Crotálico, Elapídico, Escorpiônico, Fonêutrico e  Loxoscélico.
SAO PAULO;"Hospital Municipal
Dr. Carmino Caricchio";"Avenida Celso Garcia,
4815 - Tatuapé";(11) 3394-6980;2080346.0;Escorpiônico
SAO PAULO;Hospital Municipal Tide Setúbal;"R. Dr. José Guilherme Eiras, 123 - São Miguel
Paulista";(11) 3394-8770;2080583.0;Escorpiônico
SAO PAULO;Hospital Vital Brazil;Avenida Vital Brasil, 1500 - Instituto Butantan;(11) 2627-9529;2091356.0;"Botrópico, Crotálico, Elapídico, Laquético, Escorpiônico, Loxoscélico,
Fonêutrico e Lonômico."
SAO PAULO;"UPA Campo Limpo
Dr. Fernando";"Rua Teresa Mouco de, 121
- Vila Maracanã";(11) 5513-3132;7479387.0;Escorpiônico
SAO PEDRO;"UPA José Fernando da Silva (Anexo à
Santa Casa)";Rua Malaquias Guerra, 162 - Centro;(19) 3481-9270;7590687.0;Botrópico, Crotálico e Escorpiônico.
SAO SEBASTIAO;"Hospital de Clínicas
de São Sebastião";"Rua Capitão Luis Soares,
550 - Centro";(12) 3893-3200;2765934.0;"Botrópico, Crotálico, Elapídico,
Escorpiônico e Loxoscélico, Fonêutrico."
SAO SEBASTIAO;"Pronto Atendimento
de Boiçucanga";"Avenida Walkir Vergani,
1050 - Boiçucanga";(12) 3865-2040;2766116.0;"Botrópico, Crotálico, Escorpiônico e
Loxoscélico, Fonêutrico."
SERTAOZINHO;UPA Dr. Pedro T. F. Reis;"Rua Pedro Carleto Netto, 120 - Jardim Grande
Aliança";"(16) 3947-1270 /
11590";7792115.0;Escorpiônico
SETE BARRAS;"Pronto Atendimento Municipal de Sete
Barras";Rodovia SP 139 Km 21 - Centro;(13) 3872-5510;2088673.0;Botrópico, Loxoscélico, Fonêutrico e Escorpiônico.
SOCORRO;"Hospital Dr. Renato
Silva";"Avenida Dr. Renato Silva,
129 - Centro";(19) 3895-1888;2079704.0;"Botrópico, Crotálico, Elapídico (judicial),
Escorpiônico e Loxoscélico, Fonêutrico."
SOROCABA;"Pronto Socorro Conjunto Hospitalar
de Sorocaba";"Avenida Comendador Pereira Inácio, 564 -
Jardim Vergueiro";(15) 3332-9125;2081695.0;"Botrópico, Crotálico, Elapídico, Laquético, Escorpiônico, Loxoscélico,
Fonêutrico e Lonômico."
SUMARE;Hospital Estadual Sumaré;"Avenida da Amizade, 2400
- Jardim Bela Vista";(19) 3883-8900;2083981.0;Escorpiônico e Loxoscélico, Fonêutrico.
TABAPUA;"Hospital Maria Valle
Pereira";"Rua Adinael Moreira, 1683
- Centro";(17) 3562-1811;2084074.0;Escorpiônico
TANABI;Santa Casa de Tanabi;"Avenida da Saudade, 634 -
Centro";(17) 3274-0693;2079356.0;Escorpiônico
TAQUARITINGA;UPA 24 horas;"Avenida Vicente José
Parise, 2100 - Centro";(16) 3253-8890;7429568.0;"Botrópico, Crotálico, Loxoscélico,
Fonêutrico e Escorpiônico."
TAQUARITUBA;"Santa Casa de
Taquarituba";"Rua Marechal Peixoto, 95
- Centro";(14) 3762-1700;2079879.0;"Botrópico, Crotálico, Loxoscélico,
Fonêutrico e Escorpiônico."
TATUI;"Pronto Socorro
Municipal de Tatuí";"Rua Capitão Lisboa, 1240 -
Centro";(15) 3305-3996;2086255.0;"Botrópico, Crotálico, Escorpiônico e
Loxoscélico, Fonêutrico."
TAUBATE;"Unidade de Pronto Socorro Infantil. Hospital Municipal Universitário de
Taubaté";;;2023474.0;Escorpiônico
TAUBATE;UPA Central;Rua Benedito Cursino dos Santos, 101 - Centro;(12) 3621-6036;4050665.0;"Botrópico, Crotálico, Elapídico, Escorpiônico, Loxoscélico, Fonêutrico e
Lonômico."
TEODORO SAMPAIO;"Hospital Regional de
Teodoro Sampaio";"Alameda Trifon Infante
Algarim, 1430 - Centro";(18) 3882-1333;2028239.0;"Botrópico, Crotálico, Escorpiônico e
Loxoscélico, Fonêutrico."
TORRINHA;Hospital Padre Nicanor Merino;"Rua Angelo Bartolai,126
- Centro";(14) 3656-1414;2080605.0;Escorpiônico
TUPA;Santa Casa de Tupã;"Rua Manoel Ferreira
Damião, 426 - Vila Abarca";(14) 3404-5555;2080664.0;"Botrópico, Crotálico, Loxoscélico,
Fonêutrico e Escorpiônico."
TUPI PAULISTA;Santa Casa de Tupi Paulista;Rua Almirante Barroso, 1436 - Centro;(18) 3851-2420;2081385.0;Botrópico, Crotálico, Escorpiônico e Loxoscélico, Fonêutrico.
UBATUBA;"Santa Casa de Misericordia de
Ubatuba";Rua Conceição, 135 - Centro;(12) 3834-3230;2702193.0;Botrópico, Crotálico, Loxoscélico, Fonêutrico e Escorpiônico.
URUPES;HOSPITAL SÃO LOURENÇO - URUPÊS;"R. BARÃO DO RIO BRANCO, 226-372,
CENTRO - 15850-000";(17)3552-1339;2081342.0;Escorpiônico
VALPARAISO;"Santa Casa de
Valparaíso";"Rua Bartolomeu Bueno,
241 - Centro";(18) 3701-1421;2081105.0;"Botrópico, Crotálico, Loxoscélico,
Fonêutrico e Escorpiônico."
VOTUPORANGA;"Santa Casa de
Votuporanga";"Rua Minas Gerais, 3051 -
Patrimônio Novo";(17) 3405-9133;2081377.0;"Botrópico, Crotálico, Escorpiônico e
Loxoscélico, Fonêutrico."
MAUA;Hospital Nardini;"Rua Regente Feijó, 166.
Vila Bocaina";(11) 4747-6999;2082349.0;"Botrópico, Crotálico, Escorpiônico e
Loxoscélico, Fonêutrico."
SAO JOSE DO RIO PRETO;UPA Santo Antônio;"Rua Ida Tagliavini Polachini, 580 – Vila Santo
Antônio";(17) 3206-2080;2705680.0;Escorpiônico
"SAO JOSE DO RIO
PRETO";UPA Tangará;"Av. Pres. Getúlio Vargas,
381 – Jardim Tangará";(17) 3222-4184;7706766.0;Escorpiônico
