IBGE;MUNI;POP10;POP11A59;POP60;POP_GERAL
350010;ADAMANTINA;4302;23557;7793;35652
350020;ADOLFO;619;2857;905;4381
350030;AGUAI;4969;22698;5414;33081
350040;AGUAS DA PRATA;930;4636;1978;7544
350050;AGUAS DE LINDOIA;2152;12175;3947;18274
350055;AGUAS DE SANTA BARBARA;1015;4695;1521;7231
350060;AGUAS DE SAO PEDRO;277;1660;915;2852
350070;AGUDOS;5933;26489;6195;38617
350075;ALAMBARI;949;4157;1068;6174
350080;ALFREDO MARCONDES;596;2886;1025;4507
350090;ALTAIR;530;2416;584;3530
350100;ALTINOPOLIS;2471;11405;3184;17060
350110;ALTO ALEGRE;445;2487;1009;3941
350115;ALUMINIO;2731;12436;2473;17640
350120;ALVARES FLORENCE;441;2450;1103;3994
350130;ALVARES MACHADO;4238;18789;4679;27706
350140;ALVARO DE CARVALHO;482;3789;624;4895
350150;ALVINLANDIA;440;2000;513;2953
350160;AMERICANA;31378;168424;43599;243401
350170;AMERICO BRASILIENSE;5042;24680;4510;34232
350180;AMERICO DE CAMPOS;709;3911;1361;5981
350190;AMPARO;8913;47500;13385;69798
350200;ANALANDIA;715;3092;841;4648
350210;ANDRADINA;8103;41378;11620;61101
350220;ANGATUBA;3817;16538;4011;24366
350230;ANHEMBI;907;3894;994;5795
350240;ANHUMAS;602;2714;768;4084
350250;APARECIDA;4633;22978;6188;33799
350260;APARECIDA D'OESTE;493;2655;1040;4188
350270;APIAI;3897;17392;3906;25195
350275;ARACARIGUAMA;3774;15127;2636;21537
350280;ARACATUBA;27230;140441;38074;205745
350290;ARACOIABA DA SERRA;4291;22016;6763;33070
350300;ARAMINA;754;3680;1089;5523
350310;ARANDU;1120;4653;1182;6955
350315;ARAPEI;311;1580;490;2381
350320;ARARAQUARA;33024;171285;43863;248172
350330;ARARAS;18279;92464;23374;134117
350335;ARCO-IRIS;322;1332;430;2084
350340;AREALVA;1098;5198;2011;8307
350350;AREIAS;552;2445;641;3638
350360;AREIOPOLIS;1610;7436;1315;10361
350370;ARIRANHA;970;5323;1538;7831
350380;ARTUR NOGUEIRA;7838;37021;7409;52268
350390;ARUJA;13596;62787;12132;88515
350395;ASPASIA;257;1180;419;1856
350400;ASSIS;14038;71332;18865;104235
350410;ATIBAIA;23326;110305;27400;161031
350420;AURIFLAMA;1795;9339;2903;14037
350430;AVAI;715;3054;814;4583
350440;AVANHANDAVA;1606;8294;1600;11500
350450;AVARE;14131;65090;15713;94934
350460;BADY BASSITT;4345;19171;3475;26991
350470;BALBINOS;186;3556;325;4067
350480;BALSAMO;1212;6575;1872;9659
350490;BANANAL;1416;6838;1928;10182
350500;BARAO DE ANTONINA;565;2304;696;3565
350510;BARBOSA;882;3840;1069;5791
350520;BARIRI;4582;21688;6288;32558
350530;BARRA BONITA;4085;24230;7217;35532
350535;BARRA DO CHAPEU;861;3645;771;5277
350540;BARRA DO TURVO;1136;4606;1335;7077
350550;BARRETOS;17549;86606;21298;125453
350560;BARRINHA;5431;23621;3756;32808
350570;BARUERI;50728;232301;36059;319088
350580;BASTOS;3081;14836;3974;21891
350590;BATATAIS;8116;40391;11417;59924
350600;BAURU;53258;268883;65777;387918
350610;BEBEDOURO;10766;53083;14580;78429
350620;BENTO DE ABREU;427;1790;440;2657
350630;BERNARDINO DE CAMPOS;1535;8007;2227;11769
350635;BERTIOGA;10762;45595;7947;64304
350640;BILAC;965;4895;1600;7460
350650;BIRIGUI;16663;84404;20996;122063
350660;BIRITIBA MIRIM;4607;21046;4929;30582
350670;BOA ESPERANCA DO SUL;2150;9074;2062;13286
350680;BOCAINA;1629;7898;1946;11473
350690;BOFETE;1528;6926;2229;10683
350700;BOITUVA;9240;43010;9323;61573
350710;BOM JESUS DOS PERDOES;3367;15652;3229;22248
350715;BOM SUCESSO DE ITARARE;662;2529;415;3606
350720;BORA;142;595;174;911
350730;BORACEIA;771;3263;742;4776
350740;BORBOREMA;1831;9673;3072;14576
350745;BOREBI;481;1877;389;2747
350750;BOTUCATU;20600;102286;25431;148317
350760;BRAGANCA PAULISTA;24605;125843;29665;180113
350770;BRAUNA;839;3529;1078;5446
350775;BREJO ALEGRE;352;1767;507;2626
350780;BRODOWSKI;3769;17629;4226;25624
350790;BROTAS;3383;16576;4276;24235
350800;BURI;3662;14151;2699;20512
350810;BURITAMA;2336;11535;3606;17477
350820;BURITIZAL;618;2943;876;4437
350830;CABRALIA PAULISTA;646;3015;727;4388
350840;CABREUVA;7792;34301;5792;47885
350850;CACAPAVA;14565;67736;16075;98376
350860;CACHOEIRA PAULISTA;4814;21928;5713;32455
350870;CACONDE;2399;11432;3684;17515
350880;CAFELANDIA;2465;11308;3214;16987
350890;CAIABU;495;2482;826;3803
350900;CAIEIRAS;14438;69868;13295;97601
350910;CAIUA;537;4051;948;5536
350920;CAJAMAR;15689;67802;9155;92646
350925;CAJATI;5053;20212;4199;29464
350930;CAJOBI;1205;6261;1897;9363
350940;CAJURU;3549;16681;4071;24301
350945;CAMPINA DO MONTE ALEGRE;883;4097;1056;6036
350950;CAMPINAS;156012;823267;205082;1184361
350960;CAMPO LIMPO PAULISTA;12015;55704;12066;79785
350970;CAMPOS DO JORDAO;7239;34159;7046;48444
350980;CAMPOS NOVOS PAULISTA;795;3307;868;4970
350990;CANANEIA;1915;8358;2296;12569
350995;CANAS;868;3454;663;4985
351000;CANDIDO MOTA;4147;20392;5887;30426
351010;CANDIDO RODRIGUES;333;1918;693;2944
351015;CANITAR;1157;4456;666;6279
351020;CAPAO BONITO;7322;33077;7358;47757
351030;CAPELA DO ALTO;3484;16248;3104;22836
351040;CAPIVARI;7558;35913;7948;51419
351050;CARAGUATATUBA;21430;93511;21378;136319
351060;CARAPICUIBA;62430;285396;51336;399162
351070;CARDOSO;1423;7451;2786;11660
351080;CASA BRANCA;3830;19870;5254;28954
351090;CASSIA DOS COQUEIROS;341;1870;650;2861
351100;CASTILHO;3022;13595;3665;20282
351110;CATANDUVA;15498;81051;22854;119403
351120;CATIGUA;959;4951;1239;7149
351130;CEDRAL;1783;8600;2071;12454
351140;CERQUEIRA CESAR;3212;14946;3386;21544
351150;CERQUILHO;6276;31734;7673;45683
351160;CESARIO LANGE;2856;13344;2908;19108
351170;CHARQUEADA;2393;10881;2516;15790
351190;CLEMENTINA;1126;4861;1147;7134
351200;COLINA;2793;12773;3211;18777
351210;COLOMBIA;1080;4586;1075;6741
351220;CONCHAL;4632;20095;3964;28691
351230;CONCHAS;2161;10273;3192;15626
351240;CORDEIROPOLIS;3773;17392;3509;24674
351250;COROADOS;797;3702;1018;5517
351260;CORONEL MACEDO;582;2905;917;4404
351270;CORUMBATAI;644;2910;692;4246
351280;COSMOPOLIS;8903;43587;8998;61488
351290;COSMORAMA;1214;5715;1802;8731
351300;COTIA;45302;196790;33187;275279
351310;CRAVINHOS;4667;23890;5696;34253
351320;CRISTAIS PAULISTA;1467;6345;1540;9352
351330;CRUZALIA;261;1392;507;2160
351340;CRUZEIRO;10787;52350;14286;77423
351350;CUBATAO;18483;82864;15330;116677
351360;CUNHA;2991;15180;4353;22524
351370;DESCALVADO;4289;22257;6213;32759
351380;DIADEMA;57524;295814;53262;406600
351385;DIRCE REIS;198;1078;384;1660
351390;DIVINOLANDIA;1371;7534;2475;11380
351400;DOBRADA;1390;6386;1114;8890
351410;DOIS CORREGOS;3731;16928;4399;25058
351420;DOLCINOPOLIS;266;1480;500;2246
351430;DOURADO;980;5606;1715;8301
351440;DRACENA;5747;31129;9699;46575
351450;DUARTINA;1583;8250;2768;12601
351460;DUMONT;1362;6845;1345;9552
351470;ECHAPORA;966;4158;1209;6333
351480;ELDORADO;2370;8899;2195;13464
351490;ELIAS FAUSTO;2790;12465;2624;17879
351492;ELISIARIO;432;2173;588;3193
351495;EMBAUBA;290;1581;509;2380
351500;EMBU DAS ARTES;42185;187327;30543;260055
351510;EMBU-GUACU;10896;48009;9758;68663
351512;EMILIANOPOLIS;391;1996;701;3088
351515;ENGENHEIRO COELHO;3239;14161;2166;19566
351518;ESPIRITO SANTO DO PINHAL;4935;28173;8150;41258
351519;ESPIRITO SANTO DO TURVO;719;2924;580;4223
351520;ESTRELA D'OESTE;1210;6477;1817;9504
351530;ESTRELA DO NORTE;397;1855;497;2749
351535;EUCLIDES DA CUNHA PAULISTA;1186;5530;1453;8169
351540;FARTURA;2372;11227;3307;16906
351550;FERNANDOPOLIS;9444;48567;14523;72534
351560;FERNANDO PRESTES;736;4018;1282;6036
351565;FERNAO;257;1089;332;1678
351570;FERRAZ DE VASCONCELOS;30247;132806;22214;185267
351580;FLORA RICA;180;943;405;1528
351590;FLOREAL;275;1704;825;2804
351600;FLORIDA PAULISTA;1577;9268;2392;13237
351610;FLORINEA;391;2918;577;3886
351620;FRANCA;52215;250252;58352;360819
351630;FRANCISCO MORATO;30030;120903;19553;170486
351640;FRANCO DA ROCHA;23391;107635;17653;148679
351650;GABRIEL MONTEIRO;361;1838;634;2833
351660;GALIA;833;4263;1463;6559
351670;GARCA;5742;29297;8493;43532
351680;GASTAO VIDIGAL;445;2178;720;3343
351685;GAVIAO PEIXOTO;785;3286;691;4762
351690;GENERAL SALGADO;1359;6875;2342;10576
351700;GETULINA;1193;7418;1892;10503
351710;GLICERIO;608;2739;904;4251
351720;GUAICARA;1799;7854;1776;11429
351730;GUAIMBE;830;3724;1072;5626
351740;GUAIRA;5456;28128;6782;40366
351750;GUAPIACU;3208;15147;3368;21723
351760;GUAPIARA;2620;11852;3022;17494
351770;GUARA;2794;13175;3125;19094
351780;GUARACAI;851;4954;1868;7673
351790;GUARACI;1430;7230;1922;10582
351800;GUARANI D'OESTE;257;1300;452;2009
351810;GUARANTA;999;4421;1136;6556
351820;GUARARAPES;4291;21516;6234;32041
351830;GUARAREMA;4685;21723;5345;31753
351840;GUARATINGUETA;16577;82920;22020;121517
351850;GUAREI;1868;11175;2207;15250
351860;GUARIBA;5731;27533;5268;38532
351870;GUARUJA;45896;210121;41929;297946
351880;GUARULHOS;208173;961703;174493;1344369
351885;GUATAPARA;1153;5004;1300;7457
351890;GUZOLANDIA;605;2933;830;4368
351900;HERCULANDIA;1361;6323;1602;9286
351905;HOLAMBRA;2256;10624;2175;15055
351907;HORTOLANDIA;37043;175258;28662;240963
351910;IACANGA;1533;7247;1843;10623
351920;IACRI;836;4117;1320;6273
351925;IARAS;963;5962;1147;8072
351930;IBATE;5230;23581;4277;33088
351940;IBIRA;1636;7835;2410;11881
351950;IBIRAREMA;936;4381;1232;6549
351960;IBITINGA;8947;42189;9895;61031
351970;IBIUNA;12164;52723;12629;77516
351980;ICEM;990;5663;1317;7970
351990;IEPE;1076;5130;1583;7789
352000;IGARACU DO TIETE;3278;16643;3701;23622
352010;IGARAPAVA;3768;18298;5116;27182
352020;IGARATA;1607;7215;1872;10694
352030;IGUAPE;4361;19603;6120;30084
352040;ILHABELA;5376;25640;4407;35423
352042;ILHA COMPRIDA;1826;8096;3560;13482
352044;ILHA SOLTEIRA;3172;17736;5471;26379
352050;INDAIATUBA;37039;182762;39622;259423
352060;INDIANA;718;3471;987;5176
352070;INDIAPORA;504;2571;1045;4120
352080;INUBIA PAULISTA;466;2475;751;3692
352090;IPAUSSU;2110;9504;2399;14013
352100;IPERO;5910;26196;4688;36794
352110;IPEUNA;1060;4771;1075;6906
352115;IPIGUA;1026;4496;1159;6681
352120;IPORANGA;679;2807;665;4151
352130;IPUA;2144;10478;2093;14715
352140;IRACEMAPOLIS;3162;15772;3315;22249
352150;IRAPUA;995;4696;1336;7027
352160;IRAPURU;737;5046;1502;7285
352170;ITABERA;2738;12536;3042;18316
352180;ITAI;4122;17815;3928;25865
352190;ITAJOBI;2292;11411;3343;17046
352200;ITAJU;584;2384;709;3677
352210;ITANHAEM;16729;73758;23271;113758
352215;ITAOCA;559;2268;644;3471
352220;ITAPECERICA DA SERRA;26618;117587;20231;164436
352230;ITAPETININGA;24364;113223;24953;162540
352240;ITAPEVA;14476;64707;13525;92708
352250;ITAPEVI;41657;172182;24431;238270
352260;ITAPIRA;9421;50439;13858;73718
352265;ITAPIRAPUA PAULISTA;749;3063;541;4353
352270;ITAPOLIS;5373;27648;7772;40793
352280;ITAPORANGA;2100;9575;2775;14450
352290;ITAPUI;2253;9420;2110;13783
352300;ITAPURA;580;2698;807;4085
352310;ITAQUAQUECETUBA;65919;270543;40871;377333
352320;ITARARE;7060;31469;7633;46162
352330;ITARIRI;2687;10542;2621;15850
352340;ITATIBA;17089;86728;19756;123573
352350;ITATINGA;2949;13927;2511;19387
352360;ITIRAPINA;2050;12186;2243;16479
352370;ITIRAPUA;942;3923;1035;5900
352380;ITOBI;1144;5556;1455;8155
352390;ITU;25624;121453;26339;173416
352400;ITUPEVA;11823;50378;7815;70016
352410;ITUVERAVA;5134;26170;7549;38853
352420;JABORANDI;817;4414;1138;6369
352430;JABOTICABAL;9319;50614;13992;73925
352440;JACAREI;35502;171723;39474;246699
352450;JACI;1210;5311;1047;7568
352460;JACUPIRANGA;2685;11049;2797;16531
352470;JAGUARIUNA;8564;42321;8480;59365
352480;JALES;6215;33339;10484;50038
352490;JAMBEIRO;993;4302;1161;6456
352500;JANDIRA;19037;88121;14216;121374
352510;JARDINOPOLIS;6977;32200;6734;45911
352520;JARINU;6183;26016;5160;37359
352530;JAU;18205;94638;25032;137875
352540;JERIQUARA;674;2716;492;3882
352550;JOANOPOLIS;1832;8709;2465;13006
352560;JOAO RAMALHO;721;3039;690;4450
352570;JOSE BONIFACIO;5354;25814;6216;37384
352580;JULIO MESQUITA;678;2876;784;4338
352585;JUMIRIM;516;2078;484;3078
352590;JUNDIAI;60410;312270;77059;449739
352600;JUNQUEIROPOLIS;2657;14196;3879;20732
352610;JUQUIA;2730;11547;3411;17688
352620;JUQUITIBA;4547;19300;4533;28380
352630;LAGOINHA;601;3402;1183;5186
352640;LARANJAL PAULISTA;3826;18298;4849;26973
352650;LAVINIA;598;8244;1099;9941
352660;LAVRINHAS;1219;5085;965;7269
352670;LEME;14447;71098;15370;100915
352680;LENCOIS PAULISTA;9857;47576;10542;67975
352690;LIMEIRA;39782;209443;50926;300151
352700;LINDOIA;991;4774;1367;7132
352710;LINS;10450;51872;14257;76579
352720;LORENA;12511;59573;15424;87508
352725;LOURDES;262;1260;483;2005
352730;LOUVEIRA;8623;37243;5859;51725
352740;LUCELIA;2382;14124;3960;20466
352750;LUCIANOPOLIS;318;1592;507;2417
352760;LUIS ANTONIO;1973;8830;1654;12457
352770;LUIZIANIA;766;3189;856;4811
352780;LUPERCIO;618;2678;781;4077
352790;LUTECIA;393;1779;541;2713
352800;MACATUBA;2534;11870;2714;17118
352810;MACAUBAL;939;4876;1837;7652
352820;MACEDONIA;483;2627;916;4026
352830;MAGDA;376;2071;797;3244
352840;MAIRINQUE;7532;35605;7735;50872
352850;MAIRIPORA;14443;66350;14925;95718
352860;MANDURI;1391;6742;1872;10005
352870;MARABA PAULISTA;496;3461;709;4666
352880;MARACAI;1852;8814;2309;12975
352885;MARAPOAMA;459;2244;587;3290
352890;MARIAPOLIS;481;2350;772;3603
352900;MARILIA;34697;166175;43460;244332
352910;MARINOPOLIS;198;1280;423;1901
352920;MARTINOPOLIS;3377;17386;4585;25348
352930;MATAO;10514;56463;14253;81230
352940;MAUA;62976;310981;58591;432548
352950;MENDONCA;866;4130;1126;6122
352960;MERIDIANO;601;3109;898;4608
352965;MESOPOLIS;273;1326;381;1980
352970;MIGUELOPOLIS;2925;13801;3167;19893
352980;MINEIROS DO TIETE;1607;7823;2083;11513
352990;MIRACATU;3164;12582;3349;19095
353000;MIRA ESTRELA;408;1970;790;3168
353010;MIRANDOPOLIS;3022;20333;5560;28915
353020;MIRANTE DO PARANAPANEMA;2268;10699;3407;16374
353030;MIRASSOL;9122;43963;11012;64097
353040;MIRASSOLANDIA;683;3151;886;4720
353050;MOCOCA;9100;46888;13595;69583
353060;MOGI DAS CRUZES;70080;322260;67553;459893
353070;MOGI GUACU;22078;109530;26103;157711
353080;MOGI MIRIM;12568;65044;17524;95136
353090;MOMBUCA;686;2526;535;3747
353100;MONCOES;245;1224;518;1987
353110;MONGAGUA;8863;40144;13391;62398
353120;MONTE ALEGRE DO SUL;1078;5694;1933;8705
353130;MONTE ALTO;6140;33046;9695;48881
353140;MONTE APRAZIVEL;2925;15225;4558;22708
353150;MONTE AZUL PAULISTA;2315;12619;3650;18584
353160;MONTE CASTELO;608;2767;920;4295
353170;MONTEIRO LOBATO;632;2727;866;4225
353180;MONTE MOR;10662;46154;8012;64828
353190;MORRO AGUDO;4434;20300;4206;28940
353200;MORUNGABA;2093;9614;2124;13831
353205;MOTUCA;591;2816;728;4135
353210;MURUTINGA DO SUL;447;2438;963;3848
353215;NANTES;434;1888;386;2708
353220;NARANDIBA;1032;3911;761;5704
353230;NATIVIDADE DA SERRA;1012;4492;1621;7125
353240;NAZARE PAULISTA;2650;12519;3245;18414
353250;NEVES PAULISTA;1223;6364;2226;9813
353260;NHANDEARA;1151;6417;2575;10143
353270;NIPOA;788;3317;694;4799
353280;NOVA ALIANCA;967;4536;1246;6749
353282;NOVA CAMPINA;1522;6112;1021;8655
353284;NOVA CANAA PAULISTA;210;1250;627;2087
353286;NOVA CASTILHO;162;724;196;1082
353290;NOVA EUROPA;1417;6598;1506;9521
353300;NOVA GRANADA;2878;13317;3598;19793
353310;NOVA GUATAPORANGA;313;1366;521;2200
353320;NOVA INDEPENDENCIA;651;3355;581;4587
353325;NOVAIS;758;3157;581;4496
353330;NOVA LUZITANIA;379;1949;584;2912
353340;NOVA ODESSA;8760;44107;9859;62726
353350;NOVO HORIZONTE;5416;26631;7348;39395
353360;NUPORANGA;1112;5070;1315;7497
353370;OCAUCU;682;2835;881;4398
353380;OLEO;328;1652;584;2564
353390;OLIMPIA;8016;38187;9932;56135
353400;ONDA VERDE;740;3321;727;4788
353410;ORIENTE;828;4044;1348;6220
353420;ORINDIUVA;973;4318;834;6125
353430;ORLANDIA;5214;27340;7144;39698
353440;OSASCO;110164;533940;107822;751926
353450;OSCAR BRESSANE;284;1590;659;2533
353460;OSVALDO CRUZ;3858;21350;7047;32255
353470;OURINHOS;15033;72947;19469;107449
353475;OUROESTE;1456;7022;1872;10350
353480;OURO VERDE;1265;5326;1340;7931
353490;PACAEMBU;1247;11398;2446;15091
353500;PALESTINA;1629;7742;2287;11658
353510;PALMARES PAULISTA;1496;7153;1255;9904
353520;PALMEIRA D'OESTE;995;5875;2281;9151
353530;PALMITAL;2525;13185;4414;20124
353540;PANORAMA;2467;10286;2502;15255
353550;PARAGUACU PAULISTA;6141;28922;7485;42548
353560;PARAIBUNA;2609;11941;3462;18012
353570;PARAISO;801;4210;1201;6212
353580;PARANAPANEMA;3243;13573;2828;19644
353590;PARANAPUA;595;2691;804;4090
353600;PARAPUA;1353;7043;2442;10838
353610;PARDINHO;1113;4979;1117;7209
353620;PARIQUERA-ACU;3000;13301;3303;19604
353625;PARISI;399;1869;615;2883
353630;PATROCINIO PAULISTA;2337;10043;2307;14687
353640;PAULICEIA;1321;5390;1312;8023
353650;PAULINIA;16480;79848;14886;111214
353657;PAULISTANIA;319;1431;351;2101
353660;PAULO DE FARIA;940;5147;1529;7616
353670;PEDERNEIRAS;6710;31964;7333;46007
353680;PEDRA BELA;873;4425;1344;6642
353690;PEDRANOPOLIS;324;1782;729;2835
353700;PEDREGULHO;2327;10792;2755;15874
353710;PEDREIRA;5682;31172;7514;44368
353715;PEDRINHAS PAULISTA;353;1898;610;2861
353720;PEDRO DE TOLEDO;1816;7437;2224;11477
353730;PENAPOLIS;8805;42110;12277;63192
353740;PEREIRA BARRETO;3329;16458;4906;24693
353750;PEREIRAS;1363;5877;1576;8816
353760;PERUIBE;10102;45047;14449;69598
353770;PIACATU;730;3783;1125;5638
353780;PIEDADE;7638;37215;9635;54488
353790;PILAR DO SUL;4321;19291;4804;28416
353800;PINDAMONHANGABA;25930;117289;26649;169868
353810;PINDORAMA;1838;10007;3045;14890
353820;PINHALZINHO;2008;10080;3281;15369
353830;PIQUEROBI;415;2258;674;3347
353850;PIQUETE;1616;8457;2796;12869
353860;PIRACAIA;3439;18112;5213;26764
353870;PIRACICABA;59176;300526;71357;431059
353880;PIRAJU;4144;20138;6025;30307
353890;PIRAJUI;2643;16114;4108;22865
353900;PIRANGI;1423;7446;2205;11074
353910;PIRAPORA DO BOM JESUS;3359;13194;1967;18520
353920;PIRAPOZINHO;3613;17872;4580;26065
353930;PIRASSUNUNGA;10242;50698;14468;75408
353940;PIRATININGA;2313;10216;2712;15241
353950;PITANGUEIRAS;5304;24703;4861;34868
353960;PLANALTO;637;3070;775;4482
353970;PLATINA;480;2037;571;3088
353980;POA;15826;76083;15852;107761
353990;POLONI;777;3669;1238;5684
354000;POMPEIA;2815;13902;3906;20623
354010;PONGAI;412;2239;822;3473
354020;PONTAL;6119;28165;4606;38890
354025;PONTALINDA;644;2859;705;4208
354030;PONTES GESTAL;344;1554;541;2439
354040;POPULINA;522;2727;968;4217
354050;PORANGABA;1381;6570;2561;10512
354060;PORTO FELIZ;8169;39987;9273;57429
354070;PORTO FERREIRA;7194;37479;9492;54165
354075;POTIM;3062;15436;2227;20725
354080;POTIRENDABA;2712;12454;3386;18552
354085;PRACINHA;192;2175;291;2658
354090;PRADOPOLIS;2472;12304;2698;17474
354100;PRAIA GRANDE;52593;239668;59245;351506
354105;PRATANIA;858;3686;642;5186
354110;PRESIDENTE ALVES;538;2516;838;3892
354120;PRESIDENTE BERNARDES;1477;10180;3062;14719
354130;PRESIDENTE EPITACIO;5707;27691;7605;41003
354140;PRESIDENTE PRUDENTE;31062;158343;43005;232410
354150;PRESIDENTE VENCESLAU;4415;24308;7845;36568
354160;PROMISSAO;5166;24716;6438;36320
354165;QUADRA;504;2308;655;3467
354170;QUATA;2053;9202;2173;13428
354180;QUEIROZ;545;2325;441;3311
354190;QUELUZ;1440;6406;1526;9372
354200;QUINTANA;1112;4796;1190;7098
354210;RAFARD;1348;6275;1485;9108
354220;RANCHARIA;4220;19791;5501;29512
354230;REDENCAO DA SERRA;614;2894;1058;4566
354240;REGENTE FEIJO;2819;13864;3755;20438
354250;REGINOPOLIS;787;5864;1167;7818
354260;REGISTRO;9325;42175;9793;61293
354270;RESTINGA;1056;4569;933;6558
354280;RIBEIRA;483;2090;625;3198
354290;RIBEIRAO BONITO;1630;7697;1983;11310
354300;RIBEIRAO BRANCO;3339;13253;2373;18965
354310;RIBEIRAO CORRENTE;786;3193;703;4682
354320;RIBEIRAO DO SUL;646;3109;1017;4772
354323;RIBEIRAO DOS INDIOS;239;1331;504;2074
354325;RIBEIRAO GRANDE;1081;5237;1305;7623
354330;RIBEIRAO PIRES;15759;83049;20656;119464
354340;RIBEIRAO PRETO;95445;503985;117179;716609
354350;RIVERSUL;885;3749;1101;5735
354360;RIFAINA;573;2755;770;4098
354370;RINCAO;1334;6375;1667;9376
354380;RINOPOLIS;1207;6152;2138;9497
354390;RIO CLARO;27913;143655;35971;207539
354400;RIO DAS PEDRAS;4928;22885;4359;32172
354410;RIO GRANDE DA SERRA;6981;32741;5955;45677
354420;RIOLANDIA;1216;7938;1396;10550
354425;ROSANA;2452;12097;3437;17986
354430;ROSEIRA;1731;7623;1608;10962
354440;RUBIACEA;454;1875;423;2752
354450;RUBINEIA;480;2322;1064;3866
354460;SABINO;660;3318;1274;5252
354470;SAGRES;375;1616;519;2510
354480;SALES;850;4225;1439;6514
354490;SALES OLIVEIRA;1568;7914;2105;11587
354500;SALESOPOLIS;2277;10523;2739;15539
354510;SALMOURAO;727;3215;956;4898
354515;SALTINHO;1054;5580;1617;8251
354520;SALTO;20460;95226;19956;135642
354530;SALTO DE PIRAPORA;6548;31045;7285;44878
354540;SALTO GRANDE;1350;6057;1831;9238
354550;SANDOVALINA;612;2515;598;3725
354560;SANTA ADELIA;1899;9781;2656;14336
354570;SANTA ALBERTINA;910;4079;1472;6461
354580;SANTA BARBARA D'OESTE;25370;131946;32865;190181
354600;SANTA BRANCA;1860;9611;2791;14262
354610;SANTA CLARA D'OESTE;397;1674;524;2595
354620;SANTA CRUZ DA CONCEICAO;498;2819;1058;4375
354625;SANTA CRUZ DA ESPERANCA;319;1385;460;2164
354630;SANTA CRUZ DAS PALMEIRAS;4268;20783;4834;29885
354640;SANTA CRUZ DO RIO PARDO;6868;31968;8736;47572
354650;SANTA ERNESTINA;897;4431;862;6190
354660;SANTA FE DO SUL;4761;23552;6958;35271
354670;SANTA GERTRUDES;3785;17350;2788;23923
354680;SANTA ISABEL;7973;37896;8675;54544
354690;SANTA LUCIA;1056;5097;1208;7361
354700;SANTA MARIA DA SERRA;850;3645;857;5352
354710;SANTA MERCEDES;456;1983;574;3013
354720;SANTANA DA PONTE PENSA;173;1033;503;1709
354730;SANTANA DE PARNAIBA;25369;109680;19943;154992
354740;SANTA RITA D'OESTE;324;1716;740;2780
354750;SANTA RITA DO PASSA QUATRO;2959;16405;6174;25538
354760;SANTA ROSA DE VITERBO;3225;16050;4695;23970
354765;SANTA SALETE;202;1069;401;1672
354770;SANTO ANASTACIO;2299;12202;4006;18507
354780;SANTO ANDRE;97604;533597;139695;770896
354790;SANTO ANTONIO DA ALEGRIA;1011;4480;1383;6874
354800;SANTO ANTONIO DE POSSE;3535;16457;3482;23474
354805;SANTO ANTONIO DO ARACANGUA;1212;5730;1579;8521
354810;SANTO ANTONIO DO JARDIM;808;4149;1283;6240
354820;SANTO ANTONIO DO PINHAL;992;4948;1294;7234
354830;SANTO EXPEDITO;411;1957;695;3063
354840;SANTOPOLIS DO AGUAPEI;608;2705;678;3991
354850;SANTOS;48082;280524;103910;432516
354860;SAO BENTO DO SAPUCAI;1548;7842;2451;11841
354870;SAO BERNARDO DO CAMPO;111584;592131;135847;839562
354880;SAO CAETANO DO SUL;20055;110927;39181;170163
354890;SAO CARLOS;35275;181075;44711;261061
354900;SAO FRANCISCO;300;1682;687;2669
354910;SAO JOAO DA BOA VISTA;12202;64322;18151;94675
354920;SAO JOAO DAS DUAS PONTES;330;1762;532;2624
354925;SAO JOAO DE IRACEMA;270;1230;370;1870
354930;SAO JOAO DO PAU D'ALHO;274;1392;624;2290
354940;SAO JOAQUIM DA BARRA;6770;34546;8536;49852
354950;SAO JOSE DA BELA VISTA;1233;5401;1179;7813
354960;SAO JOSE DO BARREIRO;587;2587;749;3923
354970;SAO JOSE DO RIO PARDO;7281;35331;11051;53663
354980;SAO JOSE DO RIO PRETO;65084;339413;86130;490627
354990;SAO JOSE DOS CAMPOS;104321;500255;113885;718461
354995;SAO LOURENCO DA SERRA;2456;11206;2575;16237
355000;SAO LUIS DO PARAITINGA;1281;6911;2374;10566
355010;SAO MANUEL;5372;26650;6522;38544
355020;SAO MIGUEL ARCANJO;5054;22721;5298;33073
355030;SAO PAULO;1601075;8362476;1986921;11950472
355040;SAO PEDRO;5212;25593;8051;38856
355050;SAO PEDRO DO TURVO;1165;4915;1278;7358
355060;SAO ROQUE;11630;55697;14578;81905
355070;SAO SEBASTIAO;13362;59386;10644;83392
355080;SAO SEBASTIAO DA GRAMA;1361;7260;2108;10729
355090;SAO SIMAO;1708;9327;2804;13839
355100;SAO VICENTE;48801;238150;54742;341693
355110;SARAPUI;1613;7026;1854;10493
355120;SARUTAIA;536;2519;718;3773
355130;SEBASTIANOPOLIS DO SUL;453;2047;682;3182
355140;SERRA AZUL;1427;9909;1614;12950
355150;SERRANA;7109;32364;5416;44889
355160;SERRA NEGRA;3792;20038;6675;30505
355170;SERTAOZINHO;19283;91620;18597;129500
355180;SETE BARRAS;2163;8610;2290;13063
355190;SEVERINIA;2226;10453;2253;14932
355200;SILVEIRAS;926;4236;1132;6294
355210;SOCORRO;5063;26958;9073;41094
355220;SOROCABA;106577;520477;109858;736912
355230;SUD MENNUCCI;1077;5073;1361;7511
355240;SUMARE;43520;204787;36852;285159
355250;SUZANO;50003;222778;40362;313143
355255;SUZANAPOLIS;464;2357;654;3475
355260;TABAPUA;1439;7756;2387;11582
355270;TABATINGA;2333;10166;2522;15021
355280;TABOAO DA SERRA;41554;204368;35750;281672
355290;TACIBA;1013;4317;1006;6336
355300;TAGUAI;2072;8908;1774;12754
355310;TAIACU;800;3922;1068;5790
355320;TAIUVA;740;4674;1221;6635
355330;TAMBAU;3128;14670;4152;21950
355340;TANABI;3541;17157;5214;25912
355350;TAPIRAI;1325;5517;1342;8184
355360;TAPIRATIBA;1518;8183;2420;12121
355365;TAQUARAL;332;1826;525;2683
355370;TAQUARITINGA;7170;36737;10078;53985
355380;TAQUARITUBA;3427;17357;3870;24654
355385;TAQUARIVAI;1195;4799;865;6859
355390;TARABAI;1005;4624;1051;6680
355395;TARUMA;2441;10519;2082;15042
355400;TATUI;19011;87975;19482;126468
355410;TAUBATE;45017;220116;52784;317917
355420;TEJUPA;653;2828;745;4226
355430;TEODORO SAMPAIO;3729;15511;3351;22591
355440;TERRA ROXA;1098;5500;1508;8106
355450;TIETE;5206;26755;6857;38818
355460;TIMBURI;319;1587;624;2530
355465;TORRE DE PEDRA;275;1344;477;2096
355470;TORRINHA;1314;6243;1972;9529
355475;TRABIJU;244;1203;257;1704
355480;TREMEMBE;6860;37504;7413;51777
355490;TRES FRONTEIRAS;945;4481;1379;6805
355495;TUIUTI;881;4404;1590;6875
355500;TUPA;8418;43377;13928;65723
355510;TUPI PAULISTA;1736;10768;3573;16077
355520;TURIUBA;236;1124;493;1853
355530;TURMALINA;147;1030;536;1713
355535;UBARANA;872;3802;793;5467
355540;UBATUBA;14528;66729;13317;94574
355550;UBIRAJARA;885;3458;829;5172
355560;UCHOA;1348;7013;2190;10551
355570;UNIAO PAULISTA;269;1081;256;1606
355580;URANIA;1108;5880;2049;9037
355590;URU;201;862;338;1401
355600;URUPES;1719;9246;2976;13941
355610;VALENTIM GENTIL;2133;9660;2267;14060
355620;VALINHOS;16363;90018;22315;128696
355630;VALPARAISO;3528;17698;3404;24630
355635;VARGEM;1660;7101;1793;10554
355640;VARGEM GRANDE DO SUL;5847;28177;7309;41333
355645;VARGEM GRANDE PAULISTA;7983;35945;7346;51274
355650;VARZEA PAULISTA;18207;85099;15712;119018
355660;VERA CRUZ;1368;6816;2257;10441
355670;VINHEDO;10694;53822;13038;77554
355680;VIRADOURO;2587;12196;2957;17740
355690;VISTA ALEGRE DO ALTO;1320;5739;1083;8142
355695;VITORIA BRASIL;220;1263;339;1822
355700;VOTORANTIM;19723;92324;18218;130265
355710;VOTUPORANGA;13086;66925;18496;98507
355715;ZACARIAS;386;1781;565;2732
355720;CHAVANTES;1886;8355;2240;12481
355730;ESTIVA GERBI;1716;7950;1756;11422
