 População Residente - Estudo de Estimativas Populacionais por Município, Idade e Sexo 2000-2025 - Brasil
População residente por Município e Ano
Unidade da Federação: São Paulo
Idade simples: Menos que 1 ano de idade, 1  ano, 2  anos, 3  anos, 4  anos, 5  anos, 6  anos, 7  anos, 8  anos, 9  anos, 10 anos, 11 anos, 12 anos
Período:2015-2019
"Município";"2015";"2016";"2017";"2018";"2019"
"350010 ADAMANTINA";5045;5013;4991;5000;5028
"350020 ADOLFO";629;637;651;670;685
"350030 AGUAI";6414;6354;6289;6230;6163
"350040 AGUAS DA PRATA";1169;1156;1146;1138;1132
"350050 AGUAS DE LINDOIA";2883;2846;2811;2780;2745
"350055 AGUAS DE SANTA BARBARA";1179;1197;1209;1220;1232
"350060 AGUAS DE SAO PEDRO";355;351;349;350;348
"350070 AGUDOS";6979;6993;7010;7040;7072
"350075 ALAMBARI";1137;1144;1151;1155;1154
"350080 ALFREDO MARCONDES";614;622;626;642;659
"350090 ALTAIR";756;739;727;709;692
"350100 ALTINOPOLIS";2790;2795;2806;2832;2861
"350110 ALTO ALEGRE";604;595;586;579;574
"350115 ALUMINIO";3594;3549;3499;3452;3404
"350120 ALVARES FLORENCE";513;509;510;515;523
"350130 ALVARES MACHADO";4557;4583;4623;4683;4761
"350140 ALVARO DE CARVALHO";688;676;660;647;633
"350150 ALVINLANDIA";602;591;583;573;568
"350160 AMERICANA";36066;36230;36395;36616;36859
"350170 AMERICO BRASILIENSE";6976;6867;6741;6613;6478
"350180 AMERICO DE CAMPOS";905;892;884;880;880
"350190 AMPARO";10712;10652;10611;10595;10603
"350200 ANALANDIA";871;870;867;865;864
"350210 ANDRADINA";9343;9352;9373;9432;9510
"350220 ANGATUBA";4530;4517;4512;4514;4526
"350230 ANHEMBI";1238;1220;1198;1178;1162
"350240 ANHUMAS";701;698;695;696;704
"350250 APARECIDA";6082;5973;5876;5798;5725
"350260 APARECIDA D'OESTE";618;601;591;589;591
"350270 APIAI";5296;5184;5080;4994;4918
"350275 ARACARIGUAMA";4453;4482;4502;4505;4496
"350280 ARACATUBA";31230;31400;31584;31830;32084
"350290 ARACOIABA DA SERRA";5468;5462;5443;5412;5365
"350300 ARAMINA";900;903;909;913;914
"350310 ARANDU";1216;1219;1227;1247;1272
"350315 ARAPEI";458;445;431;419;411
"350320 ARARAQUARA";36741;37202;37646;38100;38526
"350330 ARARAS";21364;21432;21496;21584;21670
"350335 ARCO-IRIS";326;334;338;343;354
"350340 AREALVA";1302;1293;1289;1289;1294
"350350 AREIAS";752;731;716;700;689
"350360 AREIOPOLIS";2196;2157;2114;2079;2043
"350370 ARIRANHA";1466;1427;1386;1339;1298
"350380 ARTUR NOGUEIRA";9320;9349;9365;9380;9383
"350390 ARUJA";16529;16515;16493;16476;16451
"350395 ASPASIA";274;272;274;277;285
"350400 ASSIS";16811;16874;16911;16946;16962
"350410 ATIBAIA";25663;25962;26261;26606;26950
"350420 AURIFLAMA";2187;2167;2154;2145;2150
"350430 AVAI";908;888;868;858;856
"350440 AVANHANDAVA";2124;2104;2078;2056;2030
"350450 AVARE";16314;16383;16446;16533;16623
"350460 BADY BASSITT";3318;3517;3736;3986;4263
"350470 BALBINOS";246;244;241;236;234
"350480 BALSAMO";1363;1381;1398;1417;1433
"350490 BANANAL";1924;1879;1837;1801;1769
"350500 BARAO DE ANTONINA";681;681;683;683;685
"350510 BARBOSA";1227;1187;1159;1130;1114
"350520 BARIRI";5672;5605;5548;5515;5500
"350530 BARRA BONITA";5311;5231;5164;5112;5068
"350535 BARRA DO CHAPEU";1166;1139;1111;1094;1078
"350540 BARRA DO TURVO";1738;1682;1624;1574;1527
"350550 BARRETOS";20467;20549;20618;20698;20767
"350560 BARRINHA";6782;6788;6774;6741;6689
"350570 BARUERI";57556;58571;59358;59896;60196
"350580 BASTOS";3848;3818;3793;3771;3754
"350590 BATATAIS";9965;9910;9856;9828;9808
"350600 BAURU";62559;62594;62641;62827;63051
"350610 BEBEDOURO";13006;12908;12837;12818;12829
"350620 BENTO DE ABREU";506;499;498;498;502
"350630 BERNARDINO DE CAMPOS";1847;1830;1816;1815;1820
"350635 BERTIOGA";12496;12643;12748;12809;12827
"350640 BILAC";1048;1051;1064;1081;1105
"350650 BIRIGUI";19386;19467;19549;19660;19777
"350660 BIRITIBA MIRIM";6159;6076;5985;5900;5810
"350670 BOA ESPERANCA DO SUL";2757;2717;2681;2653;2632
"350680 BOCAINA";2033;2023;2010;1999;1990
"350690 BOFETE";1971;1951;1931;1913;1890
"350700 BOITUVA";10560;10711;10833;10923;10983
"350710 BOM JESUS DOS PERDOES";4167;4147;4125;4107;4090
"350715 BOM SUCESSO DE ITARARE";885;868;851;835;819
"350720 BORA";142;143;147;151;153
"350730 BORACEIA";897;905;906;915;920
"350740 BORBOREMA";2434;2395;2359;2328;2296
"350745 BOREBI";542;547;550;555;561
"350750 BOTUCATU";24806;24914;24962;24965;24923
"350760 BRAGANCA PAULISTA";27903;28138;28361;28599;28815
"350770 BRAUNA";924;930;936;944;956
"350775 BREJO ALEGRE";461;454;448;443;439
"350780 BRODOWSKI";4154;4184;4215;4263;4315
"350790 BROTAS";4221;4202;4175;4149;4125
"350800 BURI";4627;4606;4572;4539;4500
"350810 BURITAMA";2816;2839;2851;2864;2868
"350820 BURITIZAL";746;745;747;744;742
"350830 CABRALIA PAULISTA";850;835;818;809;796
"350840 CABREUVA";9743;9719;9678;9622;9550
"350850 CACAPAVA";17090;17149;17202;17264;17334
"350860 CACHOEIRA PAULISTA";5844;5827;5808;5799;5795
"350870 CACONDE";3300;3200;3110;3043;2987
"350880 CAFELANDIA";2964;2959;2954;2958;2966
"350890 CAIABU";650;638;631;626;619
"350900 CAIEIRAS";18403;18317;18204;18080;17938
"350910 CAIUA";781;751;731;712;702
"350920 CAJAMAR";16370;16791;17166;17508;17803
"350925 CAJATI";6699;6610;6517;6432;6347
"350930 CAJOBI";1560;1534;1513;1498;1484
"350940 CAJURU";4639;4599;4559;4514;4463
"350945 CAMPINA DO MONTE ALEGRE";1134;1113;1094;1086;1076
"350950 CAMPINAS";190159;189812;189362;189075;188722
"350960 CAMPO LIMPO PAULISTA";15281;15225;15137;15044;14927
"350970 CAMPOS DO JORDAO";9471;9317;9166;9055;8963
"350980 CAMPOS NOVOS PAULISTA";936;922;915;908;910
"350990 CANANEIA";2619;2570;2521;2476;2430
"350995 CANAS";1094;1091;1088;1078;1071
"351000 CANDIDO MOTA";5322;5271;5223;5184;5147
"351010 CANDIDO RODRIGUES";394;391;391;390;391
"351015 CANITAR";1207;1223;1238;1256;1281
"351020 CAPAO BONITO";9766;9605;9442;9299;9160
"351030 CAPELA DO ALTO";3822;3837;3865;3912;3966
"351040 CAPIVARI";9766;9675;9575;9471;9366
"351050 CARAGUATATUBA";23475;23919;24313;24659;24956
"351060 CARAPICUIBA";80086;79579;78922;78214;77406
"351070 CARDOSO";1988;1962;1931;1895;1858
"351080 CASA BRANCA";4823;4784;4748;4728;4710
"351090 CASSIA DOS COQUEIROS";456;451;444;439;435
"351100 CASTILHO";3632;3643;3658;3664;3670
"351110 CATANDUVA";18615;18625;18632;18657;18686
"351120 CATIGUA";1278;1270;1259;1242;1221
"351130 CEDRAL";1594;1658;1735;1814;1898
"351140 CERQUEIRA CESAR";3711;3738;3761;3776;3798
"351150 CERQUILHO";7500;7528;7548;7564;7573
"351160 CESARIO LANGE";3277;3324;3358;3386;3401
"351170 CHARQUEADA";2944;2929;2915;2905;2895
"351190 CLEMENTINA";1487;1486;1478;1459;1432
"351200 COLINA";3167;3175;3181;3197;3228
"351210 COLOMBIA";1207;1223;1235;1251;1269
"351220 CONCHAL";5366;5361;5358;5372;5398
"351230 CONCHAS";3081;3019;2953;2888;2821
"351240 CORDEIROPOLIS";4265;4301;4339;4372;4406
"351250 COROADOS";991;992;991;987;980
"351260 CORONEL MACEDO";912;879;844;815;788
"351270 CORUMBATAI";742;738;738;741;750
"351280 COSMOPOLIS";11996;11861;11702;11533;11343
"351290 COSMORAMA";1186;1209;1232;1272;1313
"351300 COTIA";48941;49951;50848;51656;52345
"351310 CRAVINHOS";6074;6013;5943;5874;5803
"351320 CRISTAIS PAULISTA";1583;1599;1623;1644;1671
"351330 CRUZALIA";337;333;327;323;325
"351340 CRUZEIRO";14226;14044;13863;13701;13547
"351350 CUBATAO";24708;24346;23962;23608;23257
"351360 CUNHA";3761;3679;3613;3580;3569
"351370 DESCALVADO";5272;5247;5226;5211;5201
"351380 DIADEMA";78960;77913;76681;75317;73817
"351385 DIRCE REIS";263;259;258;254;250
"351390 DIVINOLANDIA";1664;1638;1619;1615;1615
"351400 DOBRADA";1851;1855;1844;1825;1791
"351410 DOIS CORREGOS";4958;4926;4880;4821;4751
"351420 DOLCINOPOLIS";327;326;323;324;325
"351430 DOURADO";1353;1328;1305;1279;1254
"351440 DRACENA";6650;6646;6657;6697;6749
"351450 DUARTINA";1965;1939;1923;1914;1909
"351460 DUMONT";1621;1621;1620;1618;1614
"351470 ECHAPORA";1139;1128;1122;1124;1131
"351480 ELDORADO";3300;3210;3128;3063;3006
"351490 ELIAS FAUSTO";3260;3261;3267;3276;3294
"351492 ELISIARIO";545;548;550;548;542
"351495 EMBAUBA";398;394;386;383;380
"351500 EMBU DAS ARTES";54425;54046;53585;53098;52543
"351510 EMBU-GUACU";13732;13648;13557;13478;13394
"351512 EMILIANOPOLIS";477;469;462;461;461
"351515 ENGENHEIRO COELHO";3799;3828;3843;3848;3838
"351518 ESPIRITO SANTO DO PINHAL";6641;6514;6395;6302;6220
"351519 ESPIRITO SANTO DO TURVO";926;914;900;891;887
"351520 ESTRELA D'OESTE";1376;1384;1394;1404;1418
"351530 ESTRELA DO NORTE";526;520;519;511;505
"351535 EUCLIDES DA CUNHA PAULISTA";1829;1763;1703;1647;1597
"351540 FARTURA";2886;2880;2874;2873;2872
"351550 FERNANDOPOLIS";10399;10447;10516;10644;10794
"351560 FERNANDO PRESTES";900;902;900;898;895
"351565 FERNAO";292;292;292;291;292
"351570 FERRAZ DE VASCONCELOS";38042;37759;37462;37215;36970
"351580 FLORA RICA";229;229;225;222;222
"351590 FLOREAL";330;324;320;324;325
"351600 FLORIDA PAULISTA";2080;2047;2011;1987;1965
"351610 FLORINEA";482;479;474;471;473
"351620 FRANCA";62901;62717;62511;62411;62322
"351630 FRANCISCO MORATO";37815;37473;37115;36803;36503
"351640 FRANCO DA ROCHA";28577;28558;28497;28427;28325
"351650 GABRIEL MONTEIRO";416;419;423;423;430
"351660 GALIA";1109;1088;1071;1056;1046
"351670 GARCA";7463;7349;7249;7167;7101
"351680 GASTAO VIDIGAL";719;704;681;655;623
"351685 GAVIAO PEIXOTO";911;912;913;918;921
"351690 GENERAL SALGADO";1683;1671;1663;1660;1660
"351700 GETULINA";1700;1660;1618;1583;1547
"351710 GLICERIO";815;795;780;768;757
"351720 GUAICARA";2178;2178;2176;2176;2180
"351730 GUAIMBE";1088;1075;1065;1054;1043
"351740 GUAIRA";6967;6920;6863;6800;6739
"351750 GUAPIACU";3318;3387;3452;3526;3605
"351760 GUAPIARA";3633;3545;3459;3391;3333
"351770 GUARA";4135;4024;3912;3798;3676
"351780 GUARACAI";1229;1190;1155;1128;1106
"351790 GUARACI";2006;1994;1973;1937;1895
"351800 GUARANI D'OESTE";341;337;331;327;325
"351810 GUARANTA";1330;1313;1302;1287;1276
"351820 GUARARAPES";5307;5289;5274;5263;5252
"351830 GUARAREMA";5375;5412;5448;5491;5537
"351840 GUARATINGUETA";19757;19675;19623;19649;19713
"351850 GUAREI";2294;2261;2234;2224;2218
"351860 GUARIBA";7688;7657;7586;7480;7341
"351870 GUARUJA";60651;59843;59002;58218;57425
"351880 GUARULHOS";265071;263046;260757;258583;256266
"351885 GUATAPARA";1501;1492;1476;1463;1447
"351890 GUZOLANDIA";879;857;833;814;797
"351900 HERCULANDIA";1676;1657;1641;1632;1622
"351905 HOLAMBRA";2385;2426;2467;2508;2553
"351907 HORTOLANDIA";42443;42824;43134;43419;43642
"351910 IACANGA";1853;1854;1849;1851;1852
"351920 IACRI";1099;1080;1067;1051;1040
"351925 IARAS";1203;1207;1209;1205;1199
"351930 IBATE";6565;6528;6477;6432;6375
"351940 IBIRA";1936;1944;1948;1950;1952
"351950 IBIRAREMA";1253;1227;1200;1182;1166
"351960 IBITINGA";9787;9868;9957;10083;10232
"351970 IBIUNA";15058;14931;14816;14749;14705
"351980 ICEM";1383;1358;1333;1307;1280
"351990 IEPE";1369;1358;1346;1336;1327
"352000 IGARACU DO TIETE";4320;4264;4208;4153;4108
"352010 IGARAPAVA";5097;5024;4946;4867;4785
"352020 IGARATA";1855;1856;1858;1865;1875
"352030 IGUAPE";5863;5759;5664;5585;5519
"352040 ILHABELA";6606;6654;6673;6661;6618
"352042 ILHA COMPRIDA";1950;1986;2019;2055;2099
"352044 ILHA SOLTEIRA";3956;3934;3915;3904;3899
"352050 INDAIATUBA";41017;41562;42060;42538;42964
"352060 INDIANA";799;799;805;814;825
"352070 INDIAPORA";588;593;596;604;606
"352080 INUBIA PAULISTA";606;597;591;586;578
"352090 IPAUSSU";2820;2795;2760;2726;2684
"352100 IPERO";6586;6677;6757;6827;6887
"352110 IPEUNA";1329;1327;1316;1308;1295
"352115 IPIGUA";951;993;1038;1082;1129
"352120 IPORANGA";954;935;918;897;880
"352130 IPUA";2855;2807;2756;2711;2664
"352140 IRACEMAPOLIS";3802;3797;3792;3794;3786
"352150 IRAPUA";1337;1323;1307;1287;1268
"352160 IRAPURU";944;926;908;899;898
"352170 ITABERA";3504;3449;3401;3368;3341
"352180 ITAI";4976;4963;4951;4944;4941
"352190 ITAJOBI";2328;2359;2400;2452;2519
"352200 ITAJU";660;657;658;668;668
"352210 ITANHAEM";20338;20548;20672;20714;20673
"352215 ITAOCA";651;642;637;639;644
"352220 ITAPECERICA DA SERRA";34432;34194;33910;33614;33278
"352230 ITAPETININGA";29990;29862;29717;29609;29500
"352240 ITAPEVA";18905;18621;18346;18109;17891
"352250 ITAPEVI";50458;50511;50461;50354;50153
"352260 ITAPIRA";10920;10896;10894;10942;11017
"352265 ITAPIRAPUA PAULISTA";959;940;923;907;894
"352270 ITAPOLIS";6524;6463;6417;6400;6406
"352280 ITAPORANGA";2959;2920;2872;2815;2757
"352290 ITAPUI";2585;2595;2608;2624;2639
"352300 ITAPURA";797;778;760;750;740
"352310 ITAQUAQUECETUBA";79846;79792;79658;79556;79396
"352320 ITARARE";9433;9221;9029;8874;8745
"352330 ITARIRI";3703;3639;3574;3515;3448
"352340 ITATIBA";19374;19501;19628;19785;19951
"352350 ITATINGA";4056;3999;3932;3862;3785
"352360 ITIRAPINA";2536;2519;2505;2497;2489
"352370 ITIRAPUA";1229;1208;1189;1179;1166
"352380 ITOBI";1408;1399;1392;1383;1379
"352390 ITU";30547;30544;30537;30585;30645
"352400 ITUPEVA";11545;11965;12362;12740;13085
"352410 ITUVERAVA";6610;6509;6416;6345;6295
"352420 JABORANDI";1173;1159;1139;1116;1087
"352430 JABOTICABAL";12155;12020;11884;11755;11624
"352440 JACAREI";43141;43249;43281;43270;43192
"352450 JACI";1167;1200;1231;1269;1309
"352460 JACUPIRANGA";3652;3568;3487;3420;3359
"352470 JAGUARIUNA";9279;9448;9595;9721;9838
"352480 JALES";7308;7288;7281;7302;7352
"352490 JAMBEIRO";1110;1114;1121;1132;1147
"352500 JANDIRA";24112;23986;23825;23661;23463
"352510 JARDINOPOLIS";8225;8265;8291;8308;8319
"352520 JARINU";5780;6000;6229;6461;6692
"352530 JAU";23510;23298;23065;22835;22597
"352540 JERIQUARA";756;766;772;783;787
"352550 JOANOPOLIS";2174;2181;2189;2200;2205
"352560 JOAO RAMALHO";881;880;881;882;879
"352570 JOSE BONIFACIO";6014;6039;6072;6128;6198
"352580 JULIO MESQUITA";801;781;772;774;780
"352585 JUMIRIM";530;531;538;548;559
"352590 JUNDIAI";68372;69109;69741;70335;70857
"352600 JUNQUEIROPOLIS";3084;3107;3128;3153;3174
"352610 JUQUIA";3832;3716;3614;3531;3466
"352620 JUQUITIBA";6146;6005;5885;5788;5704
"352630 LAGOINHA";787;773;760;752;746
"352640 LARANJAL PAULISTA";4598;4570;4547;4543;4548
"352650 LAVINIA";781;769;760;755;754
"352660 LAVRINHAS";1531;1527;1518;1510;1502
"352670 LEME";18598;18510;18373;18203;17999
"352680 LENCOIS PAULISTA";12040;11992;11953;11924;11905
"352690 LIMEIRA";49884;49522;49146;48839;48552
"352700 LINDOIA";1251;1240;1231;1222;1215
"352710 LINS";12218;12203;12205;12262;12335
"352720 LORENA";15803;15668;15530;15409;15300
"352725 LOURDES";319;316;311;310;313
"352730 LOUVEIRA";8748;9029;9275;9493;9677
"352740 LUCELIA";3122;3058;3004;2969;2945
"352750 LUCIANOPOLIS";428;421;415;408;403
"352760 LUIS ANTONIO";2532;2520;2503;2485;2464
"352770 LUIZIANIA";915;912;908;906;906
"352780 LUPERCIO";844;829;812;800;788
"352790 LUTECIA";484;481;477;479;479
"352800 MACATUBA";3202;3175;3150;3133;3112
"352810 MACAUBAL";1175;1165;1158;1148;1141
"352820 MACEDONIA";574;573;569;567;569
"352830 MAGDA";481;479;482;483;477
"352840 MAIRINQUE";9236;9217;9191;9172;9147
"352850 MAIRIPORA";16263;16301;16387;16555;16765
"352860 MANDURI";1741;1738;1730;1726;1714
"352870 MARABA PAULISTA";630;617;612;612;611
"352880 MARACAI";2340;2308;2281;2259;2249
"352885 MARAPOAMA";445;453;463;472;488
"352890 MARIAPOLIS";645;634;624;616;604
"352900 MARILIA";38483;38620;38847;39279;39809
"352910 MARINOPOLIS";284;272;262;256;251
"352920 MARTINOPOLIS";4134;4100;4071;4061;4062
"352930 MATAO";13130;13049;12971;12911;12853
"352940 MAUA";82267;81244;80199;79255;78319
"352950 MENDONCA";828;845;874;902;936
"352960 MERIDIANO";672;684;692;699;707
"352965 MESOPOLIS";343;342;343;343;343
"352970 MIGUELOPOLIS";3996;3916;3836;3767;3700
"352980 MINEIROS DO TIETE";2201;2159;2115;2073;2037
"352990 MIRACATU";4527;4393;4268;4165;4068
"353000 MIRA ESTRELA";450;447;449;457;466
"353010 MIRANDOPOLIS";3887;3848;3813;3784;3766
"353020 MIRANTE DO PARANAPANEMA";3034;2971;2917;2879;2846
"353030 MIRASSOL";9640;9752;9883;10053;10247
"353040 MIRASSOLANDIA";795;793;794;805;810
"353050 MOCOCA";11519;11415;11318;11240;11171
"353060 MOGI DAS CRUZES";84010;84203;84292;84379;84394
"353070 MOGI GUACU";25593;25672;25757;25887;26031
"353080 MOGI MIRIM";15166;15144;15118;15115;15123
"353090 MOMBUCA";709;718;725;738;754
"353100 MONCOES";317;313;310;310;307
"353110 MONGAGUA";10403;10529;10624;10685;10709
"353120 MONTE ALEGRE DO SUL";1239;1253;1263;1269;1277
"353130 MONTE ALTO";7390;7342;7305;7291;7303
"353140 MONTE APRAZIVEL";3638;3633;3623;3608;3589
"353150 MONTE AZUL PAULISTA";3046;2994;2945;2909;2876
"353160 MONTE CASTELO";615;617;621;634;657
"353170 MONTEIRO LOBATO";793;791;787;787;787
"353180 MONTE MOR";11447;11671;11881;12080;12263
"353190 MORRO AGUDO";6173;6088;5981;5859;5726
"353200 MORUNGABA";2357;2369;2383;2402;2422
"353205 MOTUCA";799;787;775;761;745
"353210 MURUTINGA DO SUL";574;559;546;542;540
"353215 NANTES";567;557;551;543;541
"353220 NARANDIBA";1010;1046;1075;1106;1138
"353230 NATIVIDADE DA SERRA";1216;1212;1211;1216;1220
"353240 NAZARE PAULISTA";3051;3047;3050;3071;3099
"353250 NEVES PAULISTA";1225;1240;1264;1291;1331
"353260 NHANDEARA";1482;1473;1461;1456;1450
"353270 NIPOA";864;875;884;894;905
"353280 NOVA ALIANCA";1088;1098;1106;1119;1127
"353282 NOVA CAMPINA";2010;1973;1936;1903;1875
"353284 NOVA CANAA PAULISTA";275;272;266;262;259
"353286 NOVA CASTILHO";208;212;215;213;208
"353290 NOVA EUROPA";1938;1918;1890;1862;1823
"353300 NOVA GRANADA";3404;3396;3392;3409;3423
"353310 NOVA GUATAPORANGA";348;346;343;345;352
"353320 NOVA INDEPENDENCIA";719;732;743;750;758
"353325 NOVAIS";1048;1043;1032;1011;983
"353330 NOVA LUZITANIA";598;577;556;533;512
"353340 NOVA ODESSA";9816;9915;10014;10119;10221
"353350 NOVO HORIZONTE";6695;6677;6654;6630;6613
"353360 NUPORANGA";1258;1261;1271;1282;1295
"353370 OCAUCU";797;793;797;800;805
"353380 OLEO";444;436;426;421;417
"353390 OLIMPIA";9397;9462;9514;9550;9569
"353400 ONDA VERDE";821;830;842;848;860
"353410 ORIENTE";977;972;963;964;969
"353420 ORINDIUVA";1190;1185;1179;1178;1174
"353430 ORLANDIA";6932;6821;6712;6615;6532
"353440 OSASCO";135091;134960;134627;134252;133730
"353450 OSCAR BRESSANE";400;399;396;393;387
"353460 OSVALDO CRUZ";4565;4548;4544;4559;4586
"353470 OURINHOS";19194;19041;18885;18745;18614
"353475 OUROESTE";1626;1648;1670;1690;1709
"353480 OURO VERDE";1517;1501;1489;1484;1488
"353490 PACAEMBU";1627;1597;1578;1562;1553
"353500 PALESTINA";1879;1890;1900;1910;1928
"353510 PALMARES PAULISTA";2187;2147;2098;2041;1980
"353520 PALMEIRA D'OESTE";1357;1320;1292;1268;1254
"353530 PALMITAL";3451;3387;3325;3267;3211
"353540 PANORAMA";3096;3073;3056;3037;3019
"353550 PARAGUACU PAULISTA";7680;7597;7527;7487;7464
"353560 PARAIBUNA";3241;3193;3156;3139;3137
"353570 PARAISO";1052;1042;1032;1021;1007
"353580 PARANAPANEMA";3761;3734;3721;3731;3754
"353590 PARANAPUA";641;638;633;639;646
"353600 PARAPUA";1716;1694;1670;1657;1648
"353610 PARDINHO";1312;1321;1335;1341;1342
"353620 PARIQUERA-ACU";3808;3775;3740;3711;3686
"353625 PARISI";383;396;412;426;443
"353630 PATROCINIO PAULISTA";2795;2813;2819;2824;2822
"353640 PAULICEIA";1428;1453;1476;1499;1530
"353650 PAULINIA";18549;18920;19215;19425;19560
"353657 PAULISTANIA";324;325;325;331;342
"353660 PAULO DE FARIA";1422;1371;1329;1289;1252
"353670 PEDERNEIRAS";8412;8386;8346;8307;8252
"353680 PEDRA BELA";1032;1032;1029;1030;1030
"353690 PEDRANOPOLIS";412;409;409;408;401
"353700 PEDREGULHO";3082;3042;3003;2962;2920
"353710 PEDREIRA";7176;7108;7040;6983;6938
"353715 PEDRINHAS PAULISTA";462;448;438;431;429
"353720 PEDRO DE TOLEDO";2364;2352;2332;2308;2277
"353730 PENAPOLIS";10315;10331;10350;10399;10464
"353740 PEREIRA BARRETO";4392;4339;4287;4237;4188
"353750 PEREIRAS";1572;1591;1601;1610;1623
"353760 PERUIBE";13009;12963;12892;12805;12693
"353770 PIACATU";941;941;936;930;919
"353780 PIEDADE";9905;9776;9655;9556;9459
"353790 PILAR DO SUL";5388;5338;5293;5266;5251
"353800 PINDAMONHANGABA";30437;30462;30491;30581;30688
"353810 PINDORAMA";2463;2445;2416;2384;2348
"353820 PINHALZINHO";2428;2429;2432;2433;2428
"353830 PIQUEROBI";574;562;549;538;531
"353850 PIQUETE";2314;2262;2210;2162;2115
"353860 PIRACAIA";4430;4361;4303;4260;4224
"353870 PIRACICABA";69035;69442;69751;70048;70263
"353880 PIRAJU";5194;5147;5104;5076;5056
"353890 PIRAJUI";3442;3414;3378;3343;3306
"353900 PIRANGI";1662;1656;1656;1664;1673
"353910 PIRAPORA DO BOM JESUS";3980;3973;3965;3967;3967
"353920 PIRAPOZINHO";4371;4335;4315;4313;4326
"353930 PIRASSUNUNGA";12538;12509;12476;12456;12437
"353940 PIRATININGA";2303;2349;2409;2476;2546
"353950 PITANGUEIRAS";7364;7209;7052;6902;6753
"353960 PLANALTO";907;896;875;854;833
"353970 PLATINA";641;630;618;609;604
"353980 POA";21442;21131;20811;20501;20186
"353990 POLONI";957;964;966;964;959
"354000 POMPEIA";3408;3380;3362;3359;3369
"354010 PONGAI";491;492;492;493;495
"354020 PONTAL";8772;8606;8416;8204;7973
"354025 PONTALINDA";803;800;798;795;791
"354030 PONTES GESTAL";421;416;413;416;419
"354040 POPULINA";692;690;689;683;680
"354050 PORANGABA";1578;1586;1595;1606;1622
"354060 PORTO FELIZ";9512;9533;9556;9604;9651
"354070 PORTO FERREIRA";9597;9513;9403;9268;9116
"354075 POTIM";3885;3847;3815;3783;3756
"354080 POTIRENDABA";2809;2871;2933;2995;3059
"354085 PRACINHA";281;274;270;262;259
"354090 PRADOPOLIS";3449;3412;3361;3297;3225
"354100 PRAIA GRANDE";60288;61192;61900;62406;62712
"354105 PRATANIA";1009;1012;1012;1013;1018
"354110 PRESIDENTE ALVES";698;689;682;678;675
"354120 PRESIDENTE BERNARDES";1859;1826;1802;1795;1796
"354130 PRESIDENTE EPITACIO";7704;7562;7427;7307;7195
"354140 PRESIDENTE PRUDENTE";36757;36672;36614;36662;36766
"354150 PRESIDENTE VENCESLAU";5739;5643;5560;5504;5469
"354160 PROMISSAO";6799;6718;6630;6551;6473
"354165 QUADRA";683;681;673;665;654
"354170 QUATA";2554;2540;2527;2519;2506
"354180 QUEIROZ";657;655;653;656;658
"354190 QUELUZ";2061;1991;1931;1874;1830
"354200 QUINTANA";1119;1129;1146;1172;1206
"354210 RAFARD";1628;1617;1608;1607;1613
"354220 RANCHARIA";5140;5081;5041;5029;5031
"354230 REDENCAO DA SERRA";784;778;774;773;767
"354240 REGENTE FEIJO";3376;3377;3381;3380;3380
"354250 REGINOPOLIS";1009;1017;1020;1017;1011
"354260 REGISTRO";11587;11523;11458;11416;11376
"354270 RESTINGA";1492;1470;1438;1405;1370
"354280 RIBEIRA";693;677;657;645;626
"354290 RIBEIRAO BONITO";2388;2334;2277;2210;2147
"354300 RIBEIRAO BRANCO";4310;4230;4157;4104;4066
"354310 RIBEIRAO CORRENTE";955;956;959;963;960
"354320 RIBEIRAO DO SUL";768;761;759;757;763
"354323 RIBEIRAO DOS INDIOS";320;310;301;298;295
"354325 RIBEIRAO GRANDE";1485;1458;1433;1408;1385
"354330 RIBEIRAO PIRES";20176;19983;19794;19646;19500
"354340 RIBEIRAO PRETO";111116;111806;112350;112860;113244
"354350 RIVERSUL";1191;1165;1143;1128;1112
"354360 RIFAINA";646;652;652;656;660
"354370 RINCAO";1967;1910;1857;1803;1755
"354380 RINOPOLIS";1600;1573;1546;1525;1502
"354390 RIO CLARO";33311;33348;33374;33438;33497
"354400 RIO DAS PEDRAS";6186;6158;6123;6084;6036
"354410 RIO GRANDE DA SERRA";9452;9321;9185;9043;8893
"354420 RIOLANDIA";1793;1741;1689;1643;1594
"354425 ROSANA";3471;3360;3271;3201;3145
"354430 ROSEIRA";2036;2047;2057;2066;2073
"354440 RUBIACEA";539;539;537;538;541
"354450 RUBINEIA";472;477;487;501;525
"354460 SABINO";906;901;889;875;865
"354470 SAGRES";423;423;426;431;436
"354480 SALES";1049;1054;1062;1059;1060
"354490 SALES OLIVEIRA";1907;1909;1903;1898;1898
"354500 SALESOPOLIS";3105;3041;2975;2919;2870
"354510 SALMOURAO";878;867;859;854;854
"354515 SALTINHO";1178;1184;1194;1207;1217
"354520 SALTO";21521;21856;22201;22601;23021
"354530 SALTO DE PIRAPORA";8226;8201;8169;8135;8082
"354540 SALTO GRANDE";1699;1677;1654;1641;1634
"354550 SANDOVALINA";791;786;777;772;765
"354560 SANTA ADELIA";2521;2487;2450;2415;2381
"354570 SANTA ALBERTINA";915;931;947;972;995
"354580 SANTA BARBARA D'OESTE";30938;30755;30595;30524;30488
"354600 SANTA BRANCA";2524;2480;2434;2393;2356
"354610 SANTA CLARA D'OESTE";358;366;378;395;416
"354620 SANTA CRUZ DA CONCEICAO";696;693;677;664;650
"354625 SANTA CRUZ DA ESPERANCA";409;407;406;405;399
"354630 SANTA CRUZ DAS PALMEIRAS";5810;5716;5613;5507;5403
"354640 SANTA CRUZ DO RIO PARDO";8459;8433;8400;8374;8348
"354650 SANTA ERNESTINA";1115;1108;1100;1092;1089
"354660 SANTA FE DO SUL";4827;4897;4985;5105;5246
"354670 SANTA GERTRUDES";4658;4648;4636;4618;4602
"354680 SANTA ISABEL";10177;10096;10008;9936;9866
"354690 SANTA LUCIA";1553;1509;1466;1420;1374
"354700 SANTA MARIA DA SERRA";1137;1126;1109;1095;1073
"354710 SANTA MERCEDES";550;548;543;542;541
"354720 SANTANA DA PONTE PENSA";211;211;215;216;216
"354730 SANTANA DE PARNAIBA";26659;27330;27961;28558;29104
"354740 SANTA RITA D'OESTE";321;327;328;334;344
"354750 SANTA RITA DO PASSA QUATRO";3930;3877;3822;3771;3730
"354760 SANTA ROSA DE VITERBO";4205;4170;4129;4085;4039
"354765 SANTA SALETE";211;213;217;223;228
"354770 SANTO ANASTACIO";3152;3068;2992;2936;2895
"354780 SANTO ANDRE";118947;119054;118968;118810;118518
"354790 SANTO ANTONIO DA ALEGRIA";1141;1142;1146;1157;1167
"354800 SANTO ANTONIO DE POSSE";4241;4235;4227;4223;4223
"354805 SANTO ANTONIO DO ARACANGUA";1417;1424;1433;1441;1455
"354810 SANTO ANTONIO DO JARDIM";1029;1021;1007;998;994
"354820 SANTO ANTONIO DO PINHAL";1255;1239;1225;1216;1212
"354830 SANTO EXPEDITO";474;470;469;470;470
"354840 SANTOPOLIS DO AGUAPEI";831;820;804;791;777
"354850 SANTOS";62261;61822;61314;60802;60258
"354860 SAO BENTO DO SAPUCAI";1890;1883;1878;1879;1877
"354870 SAO BERNARDO DO CAMPO";143566;142903;141950;140820;139452
"354880 SAO CAETANO DO SUL";21824;22173;22525;22912;23309
"354890 SAO CARLOS";40360;40592;40796;41053;41302
"354900 SAO FRANCISCO";426;416;404;396;388
"354910 SAO JOAO DA BOA VISTA";14055;14062;14084;14156;14258
"354920 SAO JOAO DAS DUAS PONTES";406;402;398;396;399
"354925 SAO JOAO DE IRACEMA";310;309;312;315;318
"354930 SAO JOAO DO PAU D'ALHO";297;295;299;303;312
"354940 SAO JOAQUIM DA BARRA";8706;8674;8617;8541;8454
"354950 SAO JOSE DA BELA VISTA";1848;1800;1750;1701;1645
"354960 SAO JOSE DO BARREIRO";802;781;759;746;740
"354970 SAO JOSE DO RIO PARDO";8609;8566;8544;8554;8587
"354980 SAO JOSE DO RIO PRETO";71081;72009;72917;73923;74928
"354990 SAO JOSE DOS CAMPOS";125700;125803;125783;125799;125716
"354995 SAO LOURENCO DA SERRA";2911;2911;2908;2910;2914
"355000 SAO LUIS DO PARAITINGA";1660;1625;1597;1578;1570
"355010 SAO MANUEL";6990;6893;6803;6729;6667
"355020 SAO MIGUEL ARCANJO";6650;6562;6473;6394;6320
"355030 SAO PAULO";2075926;2055943;2033686;2012332;1989614
"355040 SAO PEDRO";5997;6032;6060;6099;6139
"355050 SAO PEDRO DO TURVO";1432;1414;1399;1393;1392
"355060 SAO ROQUE";14212;14130;14070;14058;14070
"355070 SAO SEBASTIAO";16492;16496;16464;16414;16345
"355080 SAO SEBASTIAO DA GRAMA";2028;1963;1903;1844;1792
"355090 SAO SIMAO";2554;2494;2437;2370;2299
"355100 SAO VICENTE";64813;63984;63097;62247;61371
"355110 SARAPUI";1972;1965;1962;1959;1956
"355120 SARUTAIA";718;708;693;681;669
"355130 SEBASTIANOPOLIS DO SUL";489;495;503;512;520
"355140 SERRA AZUL";1965;1933;1901;1865;1826
"355150 SERRANA";8920;8942;8931;8887;8810
"355160 SERRA NEGRA";4413;4414;4424;4444;4471
"355170 SERTAOZINHO";22364;22547;22695;22827;22922
"355180 SETE BARRAS";2929;2878;2822;2778;2739
"355190 SEVERINIA";3007;2946;2887;2833;2784
"355200 SILVEIRAS";1184;1165;1153;1140;1133
"355210 SOCORRO";6132;6129;6120;6117;6113
"355220 SOROCABA";117063;118421;119744;121214;122674
"355230 SUD MENNUCCI";1346;1335;1322;1311;1311
"355240 SUMARE";52166;52521;52734;52818;52763
"355250 SUZANO";58795;58941;59057;59246;59415
"355255 SUZANAPOLIS";629;622;613;604;595
"355260 TABAPUA";1898;1889;1878;1857;1828
"355270 TABATINGA";2778;2762;2747;2744;2752
"355280 TABOAO DA SERRA";53394;53259;52967;52535;51960
"355290 TACIBA";1128;1134;1142;1151;1170
"355300 TAGUAI";2404;2425;2443;2458;2466
"355310 TAIACU";1010;987;973;963;960
"355320 TAIUVA";842;842;844;849;854
"355330 TAMBAU";4085;4032;3982;3945;3903
"355340 TANABI";3920;3942;3976;4023;4090
"355350 TAPIRAI";1803;1762;1731;1702;1676
"355360 TAPIRATIBA";2048;2002;1962;1933;1909
"355365 TAQUARAL";481;474;459;450;440
"355370 TAQUARITINGA";9638;9496;9349;9205;9067
"355380 TAQUARITUBA";4301;4266;4233;4209;4190
"355385 TAQUARIVAI";1324;1330;1338;1351;1366
"355390 TARABAI";1310;1290;1268;1254;1241
"355395 TARUMA";2867;2896;2917;2932;2942
"355400 TATUI";22447;22519;22568;22630;22681
"355410 TAUBATE";53929;54003;54022;54057;54059
"355420 TEJUPA";982;950;911;884;857
"355430 TEODORO SAMPAIO";4487;4452;4425;4423;4429
"355440 TERRA ROXA";1561;1529;1494;1457;1421
"355450 TIETE";6792;6746;6678;6604;6525
"355460 TIMBURI";460;454;446;434;425
"355465 TORRE DE PEDRA";373;359;350;343;338
"355470 TORRINHA";1527;1521;1520;1528;1537
"355475 TRABIJU";324;321;321;318;318
"355480 TREMEMBE";7939;8002;8057;8112;8158
"355490 TRES FRONTEIRAS";940;961;986;1015;1042
"355495 TUIUTI";1012;1020;1027;1036;1044
"355500 TUPA";10221;10167;10115;10097;10093
"355510 TUPI PAULISTA";1854;1872;1897;1931;1968
"355520 TURIUBA";292;289;288;285;287
"355530 TURMALINA";200;190;185;179;178
"355535 UBARANA";1161;1146;1132;1116;1097
"355540 UBATUBA";16873;16882;16904;16969;17054
"355550 UBIRAJARA";973;982;999;1013;1023
"355560 UCHOA";1614;1625;1633;1639;1644
"355570 UNIAO PAULISTA";317;317;314;316;315
"355580 URANIA";1384;1374;1362;1358;1355
"355590 URU";203;206;211;217;223
"355600 URUPES";1969;1972;1976;1989;2009
"355610 VALENTIM GENTIL";2141;2181;2225;2280;2338
"355620 VALINHOS";18896;19036;19164;19294;19415
"355630 VALPARAISO";4230;4245;4260;4272;4275
"355635 VARGEM";1732;1751;1777;1815;1854
"355640 VARGEM GRANDE DO SUL";7499;7417;7336;7256;7188
"355645 VARGEM GRANDE PAULISTA";9695;9722;9736;9729;9710
"355650 VARZEA PAULISTA";22640;22578;22482;22380;22243
"355660 VERA CRUZ";1801;1763;1732;1710;1694
"355670 VINHEDO";12064;12212;12349;12479;12597
"355680 VIRADOURO";3235;3218;3196;3178;3164
"355690 VISTA ALEGRE DO ALTO";1369;1395;1419;1446;1472
"355695 VITORIA BRASIL";296;298;293;288;287
"355700 VOTORANTIM";23173;23262;23324;23393;23436
"355710 VOTUPORANGA";13944;14092;14262;14508;14783
"355715 ZACARIAS";448;457;462;471;470
"355720 CHAVANTES";2375;2356;2343;2326;2313
"355730 ESTIVA GERBI";1955;1959;1962;1975;1991
"Total";7947736;7921979;7889780;7861979;7830825
 Fonte:
 
 Trabalho coordenado pela RIPSA.
 Realização: CGI Demográfico/RIPSA e CGIAE/SVSA/Ministério da Saúde.
 Dados básicos: IBGE
 Baixe os arquivos com os dados de Estimativas Populacionais por Município, Idade e Sexo 2000-2025 a partir do endereço de FTP
 ftp://ftp.datasus.gov.br/dissemin/publicos/IBGE/POPSVS/

