Município;2007;2008;2009;2010;2011;2012;2013;2014;2015;2016;2017;2018;2019;2020;2021;2022;2023;2024;2025
350010 ADAMANTINA;4648;4588;4527;4458;4383;4322;4270;4233;4207;4184;4173;4200;4242;4282;4302;4302;4283;4234;4191
350020 ADOLFO;522;516;516;507;500;500;501;512;521;531;544;563;580;598;612;619;618;616;615
350030 AGUAI;5667;5669;5670;5647;5605;5553;5502;5455;5417;5368;5314;5275;5222;5155;5070;4969;4863;4749;4648
350040 AGUAS DA PRATA;1071;1067;1065;1057;1041;1021;1001;987;981;971;966;962;962;959;952;930;898;867;833
350050 AGUAS DE LINDOIA;2718;2669;2628;2575;2526;2483;2448;2421;2400;2371;2345;2324;2295;2258;2212;2152;2085;2015;1944
350055 AGUAS DE SANTA BARBARA;1000;976;956;937;927;931;942;962;983;1000;1012;1023;1031;1031;1025;1015;994;982;955
350060 AGUAS DE SAO PEDRO;299;305;311;312;307;302;297;295;293;292;291;291;289;287;284;277;262;257;251
350070 AGUDOS;6258;6145;6040;5939;5873;5845;5842;5857;5888;5914;5937;5973;6002;6009;5990;5933;5839;5737;5617
350075 ALAMBARI;913;917;924;928;925;929;939;946;960;970;977;980;977;971;962;949;931;929;908
350080 ALFREDO MARCONDES;549;536;524;514;504;497;495;504;511;520;525;539;555;572;586;596;594;599;596
350090 ALTAIR;718;709;705;694;686;676;664;651;641;627;617;603;589;570;552;530;505;491;467
350100 ALTINOPOLIS;2612;2539;2467;2401;2348;2319;2310;2315;2328;2342;2361;2392;2425;2456;2471;2471;2447;2420;2378
350110 ALTO ALEGRE;559;556;552;547;537;526;516;510;505;498;490;484;478;471;461;445;424;413;402
350115 ALUMINIO;3359;3328;3293;3244;3187;3134;3085;3039;3004;2967;2931;2903;2874;2838;2791;2731;2662;2591;2521
350120 ALVARES FLORENCE;507;489;471;451;436;425;418;417;419;417;418;425;433;439;443;441;431;424;412
350130 ALVARES MACHADO;4131;4035;3943;3859;3795;3767;3764;3776;3807;3839;3889;3965;4054;4139;4201;4238;4244;4240;4199
350140 ALVARO DE CARVALHO;655;647;636;628;620;609;600;592;584;573;559;548;535;517;500;482;462;454;438
350150 ALVINLANDIA;575;562;552;544;533;526;523;514;506;499;493;485;480;467;456;440;419;407;397
350160 AMERICANA;30131;30061;30006;29932;29887;29915;29989;30120;30326;30492;30672;30952;31228;31404;31468;31378;31203;30917;30502
350170 AMERICO BRASILIENSE;6469;6442;6404;6338;6251;6158;6057;5966;5881;5793;5692;5592;5482;5351;5206;5042;4866;4684;4529
350180 AMERICO DE CAMPOS;845;833;822;805;787;776;766;756;751;744;738;736;733;729;721;709;691;682;669
350190 AMPARO;9830;9683;9542;9389;9245;9134;9059;9008;8981;8951;8942;8972;9016;9037;9009;8913;8751;8561;8342
350200 ANALANDIA;712;721;734;740;740;741;737;738;739;738;735;736;736;732;724;715;705;694;677
350210 ANDRADINA;8428;8284;8149;8014;7899;7835;7800;7800;7823;7846;7881;7959;8046;8113;8138;8103;8006;7878;7716
350220 ANGATUBA;3932;3935;3933;3918;3880;3852;3824;3811;3810;3805;3807;3821;3841;3848;3846;3817;3765;3710;3637
350230 ANHEMBI;1088;1101;1108;1106;1092;1073;1059;1043;1031;1015;998;983;970;952;931;907;885;863;847
350240 ANHUMAS;650;640;633;618;606;593;588;583;580;579;579;584;596;600;605;602;595;588;576
350250 APARECIDA;5877;5806;5730;5634;5516;5399;5282;5181;5099;5010;4939;4894;4853;4808;4737;4633;4499;4346;4210
350260 APARECIDA D'OESTE;679;652;626;598;569;544;528;514;504;492;488;491;496;499;501;493;475;463;443
350270 APIAI;5837;5558;5289;5041;4829;4666;4545;4449;4369;4292;4224;4176;4129;4070;3998;3897;3771;3632;3506
350275 ARACARIGUAMA;3311;3399;3487;3562;3627;3678;3722;3753;3795;3821;3841;3851;3848;3824;3800;3774;3768;3773;3746
350280 ARACATUBA;26838;26550;26284;26046;25910;25904;25997;26157;26386;26582;26772;27028;27253;27382;27385;27230;26949;26657;26207
350290 ARACOIABA DA SERRA;4537;4568;4588;4589;4574;4566;4561;4567;4579;4583;4575;4559;4521;4466;4392;4291;4166;4049;3896
350300 ARAMINA;783;777;767;756;750;743;740;743;754;758;763;769;771;771;766;754;730;712;688
350310 ARANDU;1152;1114;1072;1037;1012;1002;1002;1009;1017;1025;1037;1059;1082;1101;1115;1120;1114;1108;1090
350315 ARAPEI;470;460;447;433;421;408;393;382;377;367;354;345;339;331;320;311;294;285;276
350320 ARARAQUARA;29458;29458;29481;29504;29603;29829;30151;30558;31054;31496;31919;32373;32759;33017;33120;33024;32767;32472;31950
350330 ARARAS;18309;18144;18002;17865;17785;17776;17815;17889;18008;18097;18184;18311;18414;18452;18415;18279;18070;17821;17498
350335 ARCO-IRIS;289;280;275;269;265;265;264;272;278;284;288;294;306;313;323;322;313;306;301
350340 AREALVA;1203;1191;1178;1158;1133;1114;1096;1088;1081;1075;1075;1082;1091;1102;1104;1098;1078;1054;1030
350350 AREIAS;770;754;734;713;692;673;655;636;622;607;596;585;580;572;563;552;537;524;512
350360 AREIOPOLIS;2246;2186;2126;2064;2006;1953;1911;1870;1838;1807;1773;1747;1719;1690;1652;1610;1561;1518;1477
350370 ARIRANHA;1359;1371;1379;1372;1356;1328;1292;1257;1225;1191;1157;1121;1090;1051;1013;970;926;888;850
350380 ARTUR NOGUEIRA;7700;7735;7760;7759;7750;7756;7770;7799;7841;7874;7897;7932;7948;7937;7902;7838;7762;7679;7569
350390 ARUJA;14376;14292;14184;14053;13919;13836;13790;13788;13823;13839;13852;13885;13895;13854;13758;13596;13394;13184;12877
350395 ASPASIA;265;257;249;242;233;228;227;226;226;226;229;232;242;251;258;257;253;249;248
350400 ASSIS;14287;14230;14181;14116;14059;14044;14062;14114;14208;14276;14320;14374;14394;14356;14246;14038;13746;13455;13096
350410 ATIBAIA;21350;21145;20951;20788;20730;20826;21018;21274;21595;21902;22205;22563;22891;23150;23300;23326;23255;23165;22785
350420 AURIFLAMA;2046;2025;2000;1969;1927;1883;1852;1829;1818;1803;1797;1799;1811;1820;1819;1795;1748;1694;1635
350430 AVAI;897;880;867;853;834;811;787;769;755;741;727;724;729;730;724;715;695;679;665
350440 AVANHANDAVA;1931;1926;1913;1896;1872;1847;1826;1809;1798;1783;1762;1744;1719;1691;1655;1606;1553;1510;1458
350450 AVARE;13953;13841;13740;13643;13586;13584;13616;13676;13773;13851;13927;14045;14155;14218;14212;14131;13989;13807;13557
350460 BADY BASSITT;2348;2323;2302;2293;2321;2398;2510;2656;2826;3007;3204;3427;3669;3915;4149;4345;4504;4646;4765
350470 BALBINOS;196;199;206;211;207;205;207;208;208;206;204;200;198;194;189;186;179;178;176
350480 BALSAMO;1093;1085;1080;1079;1086;1094;1108;1126;1146;1163;1177;1193;1204;1207;1210;1212;1202;1199;1189
350490 BANANAL;1856;1831;1805;1775;1743;1708;1675;1637;1604;1566;1533;1510;1489;1468;1443;1416;1391;1360;1339
350500 BARAO DE ANTONINA;577;578;579;579;573;568;567;569;573;573;575;575;576;572;571;565;559;558;552
350510 BARBOSA;1254;1232;1212;1185;1149;1113;1079;1047;1021;990;971;952;943;929;907;882;850;821;794
350520 BARIRI;5253;5212;5166;5094;5006;4922;4849;4787;4740;4694;4658;4651;4657;4650;4631;4582;4519;4434;4357
350530 BARRA BONITA;5233;5108;4982;4854;4736;4627;4544;4469;4412;4350;4301;4269;4242;4213;4164;4085;3988;3869;3772
350535 BARRA DO CHAPEU;1148;1126;1100;1073;1051;1026;1003;985;967;945;925;914;903;891;874;861;843;826;817
350540 BARRA DO TURVO;1883;1821;1761;1698;1635;1579;1530;1480;1436;1391;1343;1304;1265;1224;1179;1136;1093;1055;1025
350550 BARRETOS;17305;17216;17147;17073;17042;17069;17123;17208;17336;17432;17518;17633;17720;17740;17684;17549;17352;17169;16875
350560 BARRINHA;5803;5761;5721;5695;5686;5702;5718;5732;5758;5765;5753;5729;5683;5605;5519;5431;5355;5289;5211
350570 BARUERI;46751;45954;45308;44953;45141;45806;46693;47646;48731;49704;50466;51039;51322;51353;51155;50728;50087;49642;48513
350580 BASTOS;3632;3565;3499;3429;3365;3308;3265;3232;3213;3189;3172;3165;3160;3150;3124;3081;3025;2957;2889
350590 BATATAIS;9014;8926;8834;8721;8601;8498;8419;8366;8341;8308;8276;8279;8281;8259;8209;8116;7998;7857;7718
350600 BAURU;54972;54403;53842;53269;52798;52543;52427;52442;52590;52695;52829;53165;53488;53649;53585;53258;52745;52100;51255
350610 BEBEDOURO;12416;12110;11822;11543;11311;11147;11025;10942;10886;10825;10793;10820;10861;10879;10853;10766;10630;10438;10259
350620 BENTO DE ABREU;465;462;458;452;446;438;433;430;428;424;424;425;431;432;431;427;413;407;389
350630 BERNARDINO DE CAMPOS;1745;1718;1685;1656;1622;1594;1572;1558;1550;1539;1532;1537;1547;1553;1550;1535;1507;1479;1444
350635 BERTIOGA;9282;9489;9684;9848;10002;10157;10298;10442;10604;10740;10836;10906;10923;10887;10828;10762;10724;10723;10595
350640 BILAC;941;928;913;893;872;856;851;860;868;875;892;909;932;951;966;965;939;921;890
350650 BIRIGUI;16362;16334;16313;16248;16184;16154;16170;16232;16339;16428;16514;16643;16758;16820;16799;16663;16413;16121;15755
350660 BIRITIBA MIRIM;5823;5746;5664;5561;5453;5362;5274;5207;5147;5082;5014;4958;4893;4813;4722;4607;4483;4358;4236
350670 BOA ESPERANCA DO SUL;2680;2627;2577;2521;2468;2420;2385;2349;2323;2294;2268;2253;2242;2222;2190;2150;2090;2036;1977
350680 BOCAINA;1816;1804;1792;1774;1748;1728;1711;1700;1698;1693;1687;1685;1680;1673;1660;1629;1586;1546;1503
350690 BOFETE;1761;1762;1761;1746;1723;1693;1672;1653;1640;1626;1613;1606;1594;1583;1561;1528;1486;1444;1402
350700 BOITUVA;7998;8113;8219;8314;8413;8532;8658;8799;8959;9097;9208;9294;9341;9337;9306;9240;9168;9118;8964
350710 BOM JESUS DOS PERDOES;3485;3532;3567;3578;3563;3545;3523;3505;3501;3487;3473;3466;3456;3439;3408;3367;3322;3283;3229
350715 BOM SUCESSO DE ITARARE;901;869;838;811;788;772;760;747;737;724;713;703;694;687;677;662;648;636;631
350720 BORA;115;112;112;111;112;116;118;119;120;121;125;129;131;137;141;142;137;140;144
350730 BORACEIA;735;737;740;739;744;743;751;752;759;767;769;777;781;777;776;771;762;756;745
350740 BORBOREMA;2264;2258;2245;2221;2179;2132;2087;2050;2023;1991;1965;1948;1929;1904;1875;1831;1770;1707;1649
350745 BOREBI;457;451;447;444;438;438;443;447;453;458;463;470;477;483;483;481;471;466;449
350750 BOTUCATU;20493;20502;20508;20495;20495;20556;20636;20745;20896;21007;21074;21129;21124;21022;20845;20600;20324;20074;19698
350760 BRAGANCA PAULISTA;23400;23125;22876;22674;22621;22725;22914;23149;23446;23708;23955;24237;24465;24609;24649;24605;24504;24405;24074
350770 BRAUNA;750;757;764;766;768;769;771;777;781;787;795;804;816;827;836;839;833;830;817
350775 BREJO ALEGRE;459;444;434;423;408;395;387;383;381;376;373;370;367;365;361;352;339;329;311
350780 BRODOWSKI;3520;3498;3475;3443;3418;3408;3414;3434;3464;3500;3536;3596;3657;3712;3750;3769;3772;3766;3738
350790 BROTAS;3696;3673;3650;3623;3601;3579;3560;3544;3532;3517;3501;3492;3485;3459;3428;3383;3340;3284;3231
350800 BURI;4174;4126;4079;4027;3977;3946;3920;3902;3887;3872;3847;3830;3805;3768;3720;3662;3605;3552;3503
350810 BURITAMA;2315;2318;2325;2326;2327;2331;2341;2360;2381;2400;2410;2419;2416;2402;2375;2336;2275;2226;2159
350820 BURITIZAL;623;624;620;620;620;621;623;622;627;626;628;627;628;625;622;618;603;595;585
350830 CABRALIA PAULISTA;854;830;807;785;763;746;726;714;706;694;681;679;671;666;656;646;633;620;603
350840 CABREUVA;8424;8388;8348;8303;8269;8255;8241;8233;8240;8225;8197;8165;8113;8017;7913;7792;7686;7598;7480
350850 CACAPAVA;14566;14471;14394;14304;14254;14253;14282;14338;14428;14494;14556;14637;14709;14719;14679;14565;14409;14223;13970
350860 CACHOEIRA PAULISTA;5143;5122;5103;5064;5013;4967;4928;4908;4899;4887;4878;4888;4900;4895;4874;4814;4729;4614;4504
350870 CACONDE;3569;3456;3338;3217;3092;2983;2881;2793;2713;2637;2572;2537;2507;2479;2442;2399;2345;2279;2226
350880 CAFELANDIA;2676;2638;2603;2565;2529;2504;2490;2482;2483;2482;2481;2491;2502;2504;2491;2465;2422;2365;2313
350890 CAIABU;673;651;635;614;598;576;558;549;543;534;529;525;518;513;505;495;477;468;455
350900 CAIEIRAS;16245;16151;16045;15899;15743;15621;15524;15456;15428;15371;15290;15218;15109;14938;14718;14438;14124;13796;13443
350910 CAIUA;833;823;807;781;750;713;685;660;637;615;600;585;579;568;552;537;514;497;478
350920 CAJAMAR;12354;12310;12296;12350;12534;12834;13181;13548;13949;14328;14664;14983;15243;15435;15578;15689;15814;15962;15904
350925 CAJATI;6731;6516;6312;6117;5956;5837;5743;5669;5610;5549;5485;5430;5367;5283;5180;5053;4904;4751;4607
350930 CAJOBI;1501;1490;1475;1448;1410;1374;1341;1313;1290;1270;1254;1248;1244;1239;1227;1205;1174;1141;1105
350940 CAJURU;4233;4187;4136;4080;4019;3972;3932;3905;3887;3860;3830;3797;3754;3698;3630;3549;3459;3376;3292
350945 CAMPINA DO MONTE ALEGRE;1098;1078;1059;1039;1016;996;979;961;947;931;915;911;905;900;891;883;877;877;868
350950 CAMPINAS;167716;166134;164607;162998;161682;160908;160440;160265;160450;160392;160218;160339;160211;159515;158148;156012;153354;150530;147431
350960 CAMPO LIMPO PAULISTA;13420;13378;13330;13240;13128;13028;12947;12901;12889;12853;12791;12734;12641;12495;12294;12015;11666;11313;10939
350970 CAMPOS DO JORDAO;9470;9239;9007;8768;8531;8331;8165;8026;7910;7797;7688;7627;7572;7498;7394;7239;7049;6839;6646
350980 CAMPOS NOVOS PAULISTA;852;851;846;837;826;815;798;789;781;770;767;769;777;790;793;795;787;781;776
350990 CANANEIA;2674;2583;2494;2415;2348;2290;2249;2208;2175;2139;2105;2076;2044;2009;1963;1915;1857;1800;1747
350995 CANAS;891;901;913;922;927;933;932;932;933;931;927;919;912;899;883;868;854;845;833
351000 CANDIDO MOTA;5020;4936;4851;4761;4678;4606;4547;4503;4469;4429;4391;4365;4335;4293;4233;4147;4050;3943;3850
351010 CANDIDO RODRIGUES;354;352;348;345;339;333;329;327;327;324;324;325;328;331;333;333;327;325;323
351015 CANITAR;988;991;997;994;985;985;989;1000;1015;1031;1046;1068;1094;1118;1141;1157;1165;1174;1187
351020 CAPAO BONITO;9842;9544;9255;8971;8720;8520;8355;8212;8097;7978;7864;7788;7710;7610;7481;7322;7139;6928;6743
351030 CAPELA DO ALTO;3371;3334;3291;3246;3203;3181;3180;3192;3217;3242;3277;3330;3387;3442;3476;3484;3471;3462;3404
351040 CAPIVARI;8606;8617;8620;8587;8518;8438;8350;8273;8213;8135;8057;7992;7922;7823;7703;7558;7404;7231;7073
351050 CARAGUATATUBA;18313;18310;18316;18342;18452;18685;19003;19382;19829;20238;20600;20933;21196;21364;21445;21430;21350;21270;20951
351060 CARAPICUIBA;73524;72441;71376;70302;69370;68704;68176;67761;67512;67152;66691;66282;65721;64913;63834;62430;60765;59032;57172
351070 CARDOSO;1816;1811;1808;1793;1768;1737;1707;1683;1660;1638;1611;1582;1552;1513;1471;1423;1365;1312;1258
351080 CASA BRANCA;4473;4415;4356;4283;4202;4141;4088;4053;4026;4000;3972;3962;3948;3925;3886;3830;3756;3671;3598
351090 CASSIA DOS COQUEIROS;467;450;435;419;407;396;387;384;378;375;370;367;364;355;349;341;327;321;308
351100 CASTILHO;2996;3013;3029;3034;3026;3024;3025;3039;3063;3078;3092;3100;3103;3095;3070;3022;2950;2876;2796
351110 CATANDUVA;16295;16119;15967;15810;15692;15628;15608;15623;15679;15705;15726;15777;15814;15788;15690;15498;15228;14914;14583
351120 CATIGUA;1143;1141;1135;1127;1111;1097;1085;1077;1069;1060;1050;1038;1023;1009;985;959;924;893;858
351130 CEDRAL;1108;1115;1120;1128;1144;1175;1218;1274;1341;1396;1464;1536;1605;1675;1735;1783;1822;1860;1885
351140 CERQUEIRA CESAR;3052;3064;3075;3077;3073;3069;3071;3089;3114;3139;3161;3183;3209;3222;3228;3212;3179;3144;3083
351150 CERQUILHO;6140;6173;6201;6206;6201;6213;6236;6267;6319;6356;6383;6409;6419;6398;6354;6276;6170;6069;5937
351160 CESARIO LANGE;2584;2580;2578;2581;2604;2642;2686;2733;2788;2834;2866;2893;2903;2897;2882;2856;2824;2812;2765
351170 CHARQUEADA;2623;2611;2591;2570;2546;2523;2505;2490;2484;2474;2468;2465;2461;2452;2429;2393;2347;2306;2254
351190 CLEMENTINA;1155;1197;1237;1266;1283;1283;1280;1275;1270;1266;1257;1239;1214;1187;1155;1126;1096;1070;1046
351200 COLINA;2862;2811;2764;2712;2676;2652;2641;2641;2654;2670;2688;2719;2760;2789;2808;2793;2750;2700;2632
351210 COLOMBIA;1086;1056;1031;1006;987;978;979;992;1007;1023;1035;1053;1069;1077;1084;1080;1055;1032;1004
351220 CONCHAL;4865;4777;4689;4608;4553;4528;4514;4509;4511;4515;4524;4556;4597;4622;4635;4632;4624;4600;4569
351230 CONCHAS;2855;2862;2869;2851;2812;2758;2695;2641;2591;2539;2482;2430;2376;2312;2238;2161;2079;2000;1933
351240 CORDEIROPOLIS;3537;3523;3509;3495;3488;3499;3521;3553;3599;3636;3676;3715;3753;3775;3784;3773;3742;3725;3679
351250 COROADOS;827;827;835;837;838;837;835;838;841;843;843;842;835;829;816;797;762;736;699
351260 CORONEL MACEDO;1018;980;942;906;870;839;810;783;757;730;702;680;658;632;607;582;556;535;513
351270 CORUMBATAI;706;688;669;651;636;621;614;614;615;614;618;624;635;639;645;644;636;630;618
351280 COSMOPOLIS;10121;10322;10493;10579;10554;10467;10344;10231;10137;10019;9877;9737;9570;9368;9144;8903;8671;8447;8236
351290 COSMORAMA;990;971;952;936;932;937;949;966;986;1010;1033;1073;1114;1151;1183;1214;1229;1246;1245
351300 COTIA;36641;36937;37243;37574;38044;38723;39519;40399;41399;42336;43167;43952;44570;44990;45234;45302;45259;45297;44589
351310 CRAVINHOS;5614;5533;5452;5367;5282;5215;5152;5105;5065;5020;4972;4936;4893;4833;4760;4667;4566;4459;4356
351320 CRISTAIS PAULISTA;1340;1325;1312;1297;1288;1285;1294;1312;1329;1346;1370;1395;1423;1444;1462;1467;1470;1469;1455
351330 CRUZALIA;355;343;329;315;303;294;290;286;282;279;275;271;270;272;267;261;250;248;243
351340 CRUZEIRO;13449;13275;13094;12876;12640;12420;12223;12057;11926;11780;11635;11520;11400;11240;11044;10787;10491;10157;9874
351350 CUBATAO;23344;23165;22949;22632;22214;21794;21391;21050;20762;20463;20159;19920;19669;19358;18967;18483;17926;17313;16799
351360 CUNHA;4097;3923;3755;3591;3440;3316;3219;3143;3079;3022;2983;2981;2994;3008;3012;2991;2955;2890;2836
351370 DESCALVADO;4871;4785;4700;4611;4536;4478;4440;4419;4415;4403;4396;4401;4404;4391;4359;4289;4184;4066;3944
351380 DIADEMA;74594;73402;72216;71002;69871;68934;68040;67202;66496;65652;64659;63633;62418;60966;59331;57524;55648;53840;52034
351385 DIRCE REIS;212;220;224;227;228;227;223;221;220;217;216;212;209;205;201;198;191;184;180
351390 DIVINOLANDIA;1725;1653;1591;1536;1489;1455;1424;1402;1384;1366;1355;1358;1366;1375;1380;1371;1353;1334;1317
351400 DOBRADA;1527;1533;1542;1545;1552;1559;1562;1569;1579;1583;1572;1552;1517;1475;1430;1390;1350;1327;1294
351410 DOIS CORREGOS;4268;4287;4311;4316;4306;4280;4247;4222;4204;4173;4129;4079;4015;3931;3836;3731;3630;3525;3431
351420 DOLCINOPOLIS;302;296;291;283;276;270;267;264;264;264;262;265;268;269;269;266;259;256;251
351430 DOURADO;1302;1281;1260;1239;1214;1193;1166;1146;1128;1108;1090;1072;1053;1032;1005;980;942;909;878
351440 DRACENA;5864;5815;5769;5706;5643;5596;5565;5557;5566;5572;5593;5646;5704;5751;5769;5747;5684;5595;5493
351450 DUARTINA;1885;1856;1823;1786;1745;1708;1678;1654;1637;1616;1605;1605;1605;1611;1604;1583;1548;1510;1474
351460 DUMONT;1348;1354;1355;1352;1353;1352;1352;1356;1361;1362;1364;1368;1369;1372;1368;1362;1355;1361;1358
351470 ECHAPORA;1142;1102;1066;1033;1006;990;979;967;960;954;951;956;963;969;971;966;951;937;920
351480 ELDORADO;3595;3471;3346;3213;3086;2975;2881;2796;2725;2661;2604;2565;2529;2486;2436;2370;2291;2201;2131
351490 ELIAS FAUSTO;2948;2889;2834;2779;2735;2720;2716;2720;2731;2738;2751;2770;2795;2804;2802;2790;2760;2730;2685
351492 ELISIARIO;444;442;443;443;443;447;453;455;465;468;470;468;462;456;449;432;411;397;375
351495 EMBAUBA;368;366;364;359;353;347;341;335;330;326;318;315;312;306;296;290;276;266;255
351500 EMBU DAS ARTES;50111;49399;48670;47892;47182;46661;46264;45974;45810;45569;45256;44964;44550;43971;43193;42185;40987;39752;38532
351510 EMBU-GUACU;12770;12559;12331;12083;11845;11676;11559;11491;11463;11426;11384;11361;11317;11239;11106;10896;10613;10317;9987
351512 EMILIANOPOLIS;442;441;438;435;426;414;406;400;394;388;384;385;389;393;392;391;383;378;370
351515 ENGENHEIRO COELHO;2838;2913;2981;3039;3091;3136;3172;3204;3237;3266;3282;3295;3293;3277;3254;3239;3244;3273;3275
351518 ESPIRITO SANTO DO PINHAL;6701;6530;6357;6178;6001;5849;5723;5611;5520;5427;5337;5276;5217;5146;5051;4935;4796;4650;4521
351519 ESPIRITO SANTO DO TURVO;835;840;842;834;825;811;801;793;782;772;761;755;751;743;734;719;704;696;679
351520 ESTRELA D'OESTE;1202;1183;1163;1147;1136;1128;1130;1137;1147;1156;1167;1180;1197;1210;1215;1210;1195;1181;1154
351530 ESTRELA DO NORTE;481;473;466;459;454;451;449;446;443;438;437;428;424;418;412;397;383;376;364
351535 EUCLIDES DA CUNHA PAULISTA;2060;1979;1904;1828;1751;1678;1612;1555;1501;1449;1403;1361;1322;1282;1236;1186;1132;1078;1030
351540 FARTURA;2603;2558;2523;2484;2453;2432;2421;2419;2423;2422;2420;2424;2426;2415;2401;2372;2337;2303;2266
351550 FERNANDOPOLIS;9257;9085;8920;8767;8653;8594;8588;8619;8681;8745;8834;8988;9157;9310;9412;9444;9401;9327;9184
351560 FERNANDO PRESTES;755;751;753;752;756;759;754;755;755;757;755;755;753;752;748;736;722;711;699
351565 FERNAO;262;258;258;254;247;240;238;238;241;242;242;245;249;254;258;257;255;251;246
351570 FERRAZ DE VASCONCELOS;35185;34647;34099;33515;32987;32596;32299;32077;31946;31783;31607;31511;31376;31134;30766;30247;29630;28954;28331
351580 FLORA RICA;268;252;238;224;210;198;192;190;184;186;184;182;184;186;183;180;170;166;156
351590 FLOREAL;367;354;336;320;298;278;270;265;260;256;256;262;268;275;282;275;264;257;244
351600 FLORIDA PAULISTA;1941;1930;1915;1891;1860;1828;1798;1772;1748;1723;1695;1679;1662;1641;1613;1577;1537;1503;1464
351610 FLORINEA;482;470;455;439;425;416;407;403;402;401;398;397;400;404;400;391;374;361;339
351620 FRANCA;56401;55656;54932;54212;53625;53267;53012;52859;52833;52760;52707;52851;52966;52917;52671;52215;51649;50987;50137
351630 FRANCISCO MORATO;34959;34438;33917;33393;32933;32597;32303;32044;31850;31617;31379;31230;31064;30791;30440;30030;29655;29204;28809
351640 FRANCO DA ROCHA;24791;24643;24482;24289;24121;24041;24005;24015;24074;24102;24098;24116;24078;23949;23724;23391;22977;22534;22031
351650 GABRIEL MONTEIRO;361;360;358;354;352;347;348;346;348;352;355;355;362;361;364;361;348;345;331
351660 GALIA;1171;1124;1074;1033;996;972;950;935;921;905;893;884;877;869;855;833;801;770;740
351670 GARCA;7252;7105;6959;6806;6655;6528;6412;6314;6231;6142;6066;6018;5979;5928;5850;5742;5614;5451;5322
351680 GASTAO VIDIGAL;620;634;646;653;652;644;631;618;605;591;571;549;523;495;471;445;408;385;360
351685 GAVIAO PEIXOTO;809;799;793;786;774;771;770;765;767;769;772;778;784;789;787;785;777;773;759
351690 GENERAL SALGADO;1578;1552;1529;1499;1471;1447;1429;1418;1410;1403;1397;1400;1404;1402;1389;1359;1308;1258;1202
351700 GETULINA;1722;1691;1655;1614;1566;1519;1476;1442;1411;1378;1345;1322;1294;1265;1231;1193;1146;1100;1063
351710 GLICERIO;801;795;783;768;749;733;712;697;686;671;656;648;639;632;622;608;587;569;553
351720 GUAICARA;1930;1908;1893;1872;1849;1837;1830;1831;1837;1840;1840;1842;1845;1837;1824;1799;1762;1733;1692
351730 GUAIMBE;1019;1004;991;970;955;941;927;919;911;901;894;888;880;867;853;830;802;781;760
351740 GUAIRA;6251;6190;6124;6054;5987;5933;5885;5841;5812;5773;5730;5693;5657;5608;5536;5456;5373;5274;5186
351750 GUAPIACU;2531;2549;2567;2584;2606;2637;2683;2737;2798;2862;2924;2998;3071;3134;3181;3208;3219;3236;3207
351760 GUAPIARA;3998;3825;3665;3503;3356;3238;3138;3059;2993;2929;2868;2826;2790;2746;2690;2620;2533;2443;2365
351770 GUARA;4012;3985;3954;3905;3833;3746;3649;3548;3463;3365;3273;3188;3097;3000;2898;2794;2702;2607;2526
351780 GUARACAI;1320;1284;1246;1205;1156;1113;1071;1036;1009;978;950;932;916;902;876;851;812;776;744
351790 GUARACI;1702;1712;1724;1729;1730;1723;1711;1703;1696;1683;1663;1628;1586;1536;1485;1430;1378;1339;1301
351800 GUARANI D'OESTE;301;304;304;303;301;295;294;286;283;279;275;273;271;265;263;257;243;239;228
351810 GUARANTA;1286;1259;1231;1201;1176;1157;1141;1128;1117;1104;1095;1080;1067;1046;1024;999;974;957;939
351820 GUARARAPES;4729;4702;4664;4615;4556;4507;4472;4456;4453;4445;4439;4438;4432;4414;4373;4291;4168;4044;3906
351830 GUARAREMA;4689;4620;4550;4469;4412;4389;4394;4427;4474;4519;4564;4619;4669;4703;4714;4685;4616;4542;4428
351840 GUARATINGUETA;18225;17919;17614;17298;17000;16777;16620;16534;16504;16466;16460;16549;16656;16723;16709;16577;16330;15986;15628
351850 GUAREI;2202;2165;2129;2082;2036;1998;1965;1940;1922;1901;1884;1886;1890;1895;1888;1868;1835;1807;1766
351860 GUARIBA;6635;6603;6577;6552;6540;6542;6528;6514;6508;6479;6414;6327;6203;6048;5887;5731;5602;5493;5395
351870 GUARUJA;57623;56795;55936;54956;53937;53029;52218;51522;50963;50347;49723;49221;48657;47945;47037;45896;44578;43184;41910
351880 GUARULHOS;243196;240092;236895;233435;230188;227730;225688;224067;222975;221602;220074;218956;217480;215252;212176;208173;203538;198737;193945
351885 GUATAPARA;1315;1314;1314;1305;1293;1280;1270;1263;1260;1252;1240;1232;1221;1200;1180;1153;1118;1091;1060
351890 GUZOLANDIA;838;838;832;823;808;787;766;746;732;714;693;680;665;647;627;605;580;561;541
351900 HERCULANDIA;1563;1548;1528;1507;1476;1450;1427;1404;1388;1371;1361;1362;1364;1371;1369;1361;1348;1330;1313
351905 HOLAMBRA;1787;1823;1850;1870;1882;1899;1922;1953;1990;2027;2065;2111;2159;2196;2229;2256;2267;2272;2251
351907 HORTOLANDIA;35337;35001;34699;34476;34461;34679;35001;35380;35844;36249;36584;36930;37173;37261;37209;37043;36841;36710;36193
351910 IACANGA;1554;1564;1566;1569;1566;1560;1559;1556;1561;1563;1560;1564;1567;1558;1549;1533;1509;1484;1457
351920 IACRI;1051;1036;1025;1008;988;969;950;932;921;905;895;885;878;870;857;836;810;791;765
351925 IARAS;942;956;972;984;989;999;1003;1007;1012;1014;1015;1011;1005;992;975;963;946;933;916
351930 IBATE;5864;5808;5756;5698;5647;5612;5580;5552;5533;5507;5472;5455;5423;5376;5312;5230;5135;5031;4928
351940 IBIRA;1553;1564;1585;1595;1607;1612;1617;1621;1640;1648;1652;1659;1664;1661;1655;1636;1607;1576;1540
351950 IBIRAREMA;1204;1201;1193;1176;1149;1116;1087;1063;1042;1023;1003;993;984;977;961;936;902;868;829
351960 IBITINGA;8100;8091;8082;8069;8064;8083;8120;8179;8258;8337;8424;8554;8699;8818;8908;8947;8956;8918;8847
351970 IBIUNA;14313;14029;13734;13422;13131;12912;12753;12642;12574;12501;12442;12442;12446;12420;12332;12164;11935;11646;11354
351980 ICEM;1287;1288;1282;1271;1253;1232;1209;1191;1173;1153;1132;1111;1089;1061;1032;990;943;906;859
351990 IEPE;1275;1257;1243;1222;1202;1185;1171;1156;1147;1139;1130;1127;1121;1113;1097;1076;1042;1011;978
352000 IGARACU DO TIETE;4130;4063;3998;3927;3848;3778;3714;3660;3613;3565;3519;3482;3449;3405;3351;3278;3193;3096;3011
352010 IGARAPAVA;4634;4635;4630;4606;4552;4489;4419;4350;4297;4232;4166;4107;4041;3963;3874;3768;3660;3547;3450
352020 IGARATA;1677;1642;1615;1582;1558;1546;1539;1539;1547;1551;1558;1574;1590;1601;1606;1607;1592;1588;1571
352030 IGUAPE;5836;5733;5616;5464;5291;5133;5001;4899;4820;4740;4673;4628;4589;4536;4461;4361;4223;4067;3926
352040 ILHABELA;5216;5263;5303;5341;5379;5435;5486;5536;5598;5642;5658;5653;5614;5544;5464;5376;5300;5251;5154
352042 ILHA COMPRIDA;1503;1522;1536;1545;1544;1546;1561;1591;1624;1659;1693;1731;1770;1800;1821;1826;1807;1792;1757
352044 ILHA SOLTEIRA;3671;3609;3551;3483;3414;3361;3325;3304;3295;3281;3271;3269;3268;3260;3233;3172;3083;2985;2881
352050 INDAIATUBA;31801;32042;32284;32511;32799;33197;33641;34128;34703;35218;35696;36197;36613;36892;37034;37039;36978;36906;36397
352060 INDIANA;759;737;714;694;677;670;669;671;669;671;681;690;700;714;719;718;707;697;684
352070 INDIAPORA;538;527;518;509;497;488;484;487;487;493;497;503;506;509;507;504;483;473;452
352080 INUBIA PAULISTA;582;573;563;552;538;530;520;513;503;497;493;490;485;480;473;466;454;447;434
352090 IPAUSSU;2502;2497;2490;2473;2456;2434;2412;2392;2377;2356;2327;2300;2263;2216;2165;2110;2057;2012;1973
352100 IPERO;4856;4987;5109;5204;5273;5346;5415;5494;5592;5681;5760;5832;5887;5918;5929;5910;5882;5866;5777
352110 IPEUNA;1057;1082;1104;1120;1124;1124;1128;1126;1125;1124;1117;1112;1105;1096;1078;1060;1038;1028;1008
352115 IPIGUA;676;673;674;674;686;706;734;767;808;846;884;920;956;981;1006;1026;1033;1055;1049
352120 IPORANGA;1014;968;923;882;849;829;813;799;788;775;762;748;734;718;703;679;648;620;595
352130 IPUA;2572;2589;2592;2580;2547;2507;2461;2417;2380;2340;2302;2277;2252;2221;2186;2144;2101;2059;2014
352140 IRACEMAPOLIS;3133;3170;3204;3220;3219;3214;3203;3200;3203;3199;3198;3208;3210;3203;3192;3162;3128;3088;3041
352150 IRAPUA;1161;1168;1167;1166;1160;1157;1149;1139;1130;1119;1104;1089;1074;1053;1025;995;958;930;899
352160 IRAPURU;963;938;912;881;855;830;809;792;777;764;751;748;752;752;746;737;711;692;671
352170 ITABERA;3598;3449;3315;3193;3102;3040;2991;2952;2919;2883;2854;2839;2827;2808;2781;2738;2693;2643;2595
352180 ITAI;4433;4387;4339;4288;4238;4210;4192;4185;4186;4179;4176;4184;4191;4184;4169;4122;4058;3980;3903
352190 ITAJOBI;1975;1940;1909;1879;1869;1869;1884;1908;1937;1966;2006;2060;2128;2193;2248;2292;2319;2336;2338
352200 ITAJU;527;535;547;548;546;543;544;544;551;550;554;566;571;579;583;584;577;575;562
352210 ITANHAEM;16351;16362;16374;16370;16400;16499;16644;16826;17059;17246;17355;17403;17349;17210;17003;16729;16415;16120;15670
352215 ITAOCA;699;658;618;585;557;546;538;532;531;528;530;538;546;555;560;559;550;542;522
352220 ITAPECERICA DA SERRA;31697;31263;30819;30319;29841;29484;29216;29035;28933;28782;28586;28399;28137;27763;27268;26618;25837;25032;24056
352230 ITAPETININGA;26671;26473;26242;25961;25667;25453;25290;25183;25143;25074;25001;25001;24978;24864;24662;24364;24020;23623;23182
352240 ITAPEVA;18497;18079;17660;17231;16830;16508;16229;15988;15791;15585;15397;15269;15143;14975;14759;14476;14159;13801;13475
352250 ITAPEVI;43819;43397;42973;42580;42327;42288;42344;42461;42675;42822;42889;42956;42888;42647;42236;41657;40972;40346;39424
352260 ITAPIRA;10100;9880;9668;9457;9290;9175;9110;9090;9097;9107;9136;9226;9328;9415;9450;9421;9321;9179;9007
352265 ITAPIRAPUA PAULISTA;943;922;900;876;855;837;819;807;791;777;767;763;759;760;755;749;743;743;735
352270 ITAPOLIS;6114;6041;5956;5851;5733;5621;5536;5474;5427;5384;5361;5375;5406;5425;5418;5373;5282;5161;5049
352280 ITAPORANGA;2784;2756;2723;2684;2632;2583;2542;2508;2474;2442;2401;2355;2305;2242;2178;2100;2012;1936;1863
352290 ITAPUI;2080;2100;2120;2135;2148;2160;2164;2174;2191;2198;2209;2227;2244;2249;2254;2253;2255;2255;2244
352300 ITAPURA;792;781;768;754;733;712;694;679;665;649;635;629;622;612;596;580;555;538;517
352310 ITAQUAQUECETUBA;71510;70449;69402;68368;67571;67163;66994;66989;67171;67271;67316;67467;67485;67245;66735;65919;64899;63815;62220
352320 ITARARE;9843;9550;9259;8956;8658;8395;8169;7979;7817;7660;7530;7452;7390;7316;7213;7060;6865;6624;6431
352330 ITARIRI;3530;3491;3446;3388;3322;3260;3196;3148;3107;3058;3006;2961;2905;2840;2771;2687;2602;2513;2459
352340 ITATIBA;16020;16012;15992;15950;15920;15952;16028;16137;16292;16431;16572;16759;16936;17057;17113;17089;17010;16898;16652
352350 ITATINGA;3711;3689;3666;3638;3600;3556;3508;3464;3422;3371;3314;3259;3195;3115;3033;2949;2867;2794;2722
352360 ITIRAPINA;2257;2256;2252;2240;2222;2201;2181;2167;2156;2141;2129;2123;2115;2102;2083;2050;2008;1973;1934
352370 ITIRAPUA;1177;1162;1148;1130;1107;1084;1057;1041;1028;1010;996;991;983;973;959;942;923;900;880
352380 ITOBI;1299;1274;1249;1226;1209;1201;1192;1189;1185;1178;1173;1169;1170;1164;1156;1144;1132;1127;1117
352390 ITU;27117;26761;26420;26079;25812;25671;25608;25607;25676;25713;25750;25863;25960;25970;25867;25624;25278;24836;24342
352400 ITUPEVA;7454;7747;8035;8302;8561;8850;9159;9506;9893;10267;10617;10952;11242;11483;11676;11823;11934;12071;12033
352410 ITUVERAVA;6291;6204;6112;6002;5884;5769;5660;5566;5490;5412;5345;5309;5287;5253;5205;5134;5049;4929;4843
352420 JABORANDI;1088;1077;1073;1062;1049;1029;1012;998;983;970;952;932;907;879;851;817;786;759;737
352430 JABOTICABAL;11445;11269;11090;10890;10685;10508;10359;10238;10147;10044;9943;9867;9778;9662;9515;9319;9100;8870;8654
352440 JACAREI;37276;36904;36559;36224;36004;35947;35986;36095;36297;36433;36498;36564;36523;36335;36001;35502;34891;34283;33477
352450 JACI;849;856;867;875;888;905;931;955;987;1018;1048;1084;1122;1156;1187;1210;1220;1240;1231
352460 JACUPIRANGA;3677;3609;3534;3445;3355;3263;3180;3103;3038;2973;2915;2878;2844;2799;2756;2685;2599;2501;2419
352470 JAGUARIUNA;6737;6856;6981;7101;7240;7396;7550;7703;7874;8028;8165;8290;8400;8464;8515;8564;8635;8725;8707
352480 JALES;6695;6574;6464;6351;6251;6180;6135;6115;6109;6102;6108;6146;6202;6241;6252;6215;6132;6014;5893
352490 JAMBEIRO;928;933;934;931;924;920;919;925;931;938;945;959;974;983;993;993;983;978;958
352500 JANDIRA;21868;21579;21289;20998;20765;20623;20514;20434;20405;20334;20226;20128;19974;19741;19428;19037;18597;18180;17595
352510 JARDINOPOLIS;6703;6736;6769;6783;6796;6817;6842;6883;6939;6981;7014;7050;7074;7068;7037;6977;6903;6823;6696
352520 JARINU;4102;4135;4168;4204;4270;4381;4531;4705;4913;5112;5318;5527;5727;5907;6059;6183;6281;6377;6388
352530 JAU;20445;20573;20663;20642;20496;20304;20084;19898;19752;19575;19392;19252;19088;18864;18572;18205;17794;17322;16895
352540 JERIQUARA;642;634;623;613;610;616;621;630;640;650;657;668;673;676;675;674;667;669;662
352550 JOANOPOLIS;1803;1812;1826;1827;1822;1811;1809;1812;1822;1827;1834;1846;1855;1856;1850;1832;1798;1756;1713
352560 JOAO RAMALHO;757;755;748;744;740;735;736;738;745;746;747;748;745;739;735;721;694;674;655
352570 JOSE BONIFACIO;5258;5190;5123;5056;5003;4979;4974;4990;5028;5058;5099;5169;5246;5306;5345;5354;5337;5298;5236
352580 JULIO MESQUITA;862;833;805;776;741;709;687;671;660;647;643;651;661;672;678;678;668;659;647
352585 JUMIRIM;447;455;458;457;449;439;437;441;440;442;451;465;479;495;508;516;512;510;501
352590 JUNDIAI;54613;54675;54791;54961;55314;55870;56478;57133;57902;58569;59147;59761;60252;60498;60555;60410;60231;60026;59366
352600 JUNQUEIROPOLIS;2530;2542;2553;2552;2544;2541;2549;2564;2586;2606;2625;2651;2668;2677;2680;2657;2616;2573;2518
352610 JUQUIA;4344;4154;3964;3778;3600;3455;3337;3236;3148;3066;2998;2949;2912;2869;2810;2730;2623;2500;2399
352620 JUQUITIBA;6345;6181;6011;5825;5638;5474;5337;5221;5121;5022;4939;4882;4826;4760;4673;4547;4392;4228;4065
352630 LAGOINHA;828;801;772;743;714;688;669;656;641;631;622;621;619;617;610;601;586;571;559
352640 LARANJAL PAULISTA;4083;4073;4050;4019;3963;3916;3875;3853;3838;3821;3811;3825;3844;3858;3853;3826;3779;3720;3663
352650 LAVINIA;788;762;732;710;686;677;667;659;657;651;645;640;634;623;612;598;575;567;542
352660 LAVRINHAS;1360;1340;1324;1306;1299;1290;1290;1290;1294;1294;1289;1285;1279;1264;1243;1219;1191;1166;1133
352670 LEME;16373;16238;16110;15982;15883;15819;15759;15702;15683;15615;15509;15393;15231;15002;14736;14447;14182;13919;13660
352680 LENCOIS PAULISTA;10899;10745;10591;10431;10300;10216;10157;10123;10115;10091;10075;10080;10082;10043;9972;9857;9718;9555;9378
352690 LIMEIRA;45375;44815;44251;43654;43102;42684;42323;42027;41829;41574;41323;41199;41057;40780;40363;39782;39126;38352;37593
352700 LINDOIA;1052;1063;1075;1081;1083;1079;1069;1061;1061;1052;1045;1038;1034;1021;1007;991;966;946;923
352710 LINS;10949;10817;10687;10541;10408;10322;10269;10257;10269;10282;10305;10383;10464;10513;10514;10450;10320;10155;9963
352720 LORENA;14442;14295;14141;13963;13777;13613;13464;13339;13252;13150;13055;12997;12942;12845;12703;12511;12294;12031;11791
352725 LOURDES;310;306;302;293;287;282;276;269;265;262;259;259;264;267;266;262;254;247;234
352730 LOUVEIRA;5829;6000;6180;6370;6581;6812;7046;7291;7551;7800;8014;8208;8362;8476;8560;8623;8691;8806;8793
352740 LUCELIA;3024;3007;2974;2926;2854;2775;2699;2638;2593;2539;2496;2474;2461;2445;2422;2382;2329;2265;2208
352750 LUCIANOPOLIS;401;395;388;385;374;364;357;357;355;351;347;342;338;333;326;318;310;306;298
352760 LUIS ANTONIO;2078;2114;2140;2151;2143;2139;2127;2124;2121;2114;2101;2089;2072;2041;2010;1973;1940;1908;1880
352770 LUIZIANIA;800;803;801;797;789;780;774;771;768;768;767;771;775;775;774;766;744;729;707
352780 LUPERCIO;848;826;802;774;753;736;724;710;703;693;681;674;665;651;636;618;589;568;545
352790 LUTECIA;462;456;448;436;427;416;409;405;405;404;400;404;404;403;400;393;382;375;364
352800 MACATUBA;3007;2957;2903;2847;2797;2753;2721;2699;2682;2663;2645;2636;2621;2600;2568;2534;2490;2447;2403
352810 MACAUBAL;1020;1021;1028;1025;1019;1010;1002;993;987;978;972;966;964;962;951;939;918;900;880
352820 MACEDONIA;530;522;514;502;491;484;478;470;470;469;466;468;474;482;484;483;479;476;470
352830 MAGDA;424;416;412;404;401;399;398;404;409;409;411;411;403;398;392;376;354;343;327
352840 MAIRINQUE;8349;8212;8074;7947;7851;7803;7774;7763;7771;7768;7755;7755;7740;7702;7631;7532;7425;7318;7168
352850 MAIRIPORA;14347;14230;14073;13852;13601;13426;13351;13372;13458;13552;13685;13901;14131;14333;14451;14443;14295;14086;13754
352860 MANDURI;1495;1491;1493;1483;1482;1478;1476;1474;1471;1468;1459;1456;1445;1429;1410;1391;1374;1359;1349
352870 MARABA PAULISTA;640;625;615;599;580;565;553;543;535;526;521;520;517;514;507;496;477;465;450
352880 MARACAI;2268;2230;2195;2152;2099;2055;2014;1980;1954;1930;1913;1902;1903;1895;1880;1852;1801;1748;1698
352885 MARAPOAMA;386;377;371;365;360;358;361;365;367;376;387;398;414;432;445;459;464;476;479
352890 MARIAPOLIS;594;591;589;586;578;571;558;550;542;534;525;521;511;503;493;481;462;449;436
352900 MARILIA;34388;33770;33184;32632;32224;32036;32014;32116;32323;32527;32812;33311;33859;34335;34642;34697;34521;34157;33648
352910 MARINOPOLIS;347;334;316;300;279;264;250;239;227;218;211;208;207;204;203;198;187;181;179
352920 MARTINOPOLIS;3849;3806;3758;3690;3620;3553;3502;3469;3442;3418;3403;3409;3420;3423;3411;3377;3317;3245;3157
352930 MATAO;12318;12053;11790;11539;11328;11179;11076;11008;10973;10925;10886;10877;10855;10801;10696;10514;10265;9982;9689
352940 MAUA;78115;76770;75426;74017;72701;71634;70691;69860;69197;68442;67668;67057;66376;65475;64346;62976;61495;59910;58461
352950 MENDONCA;614;617;621;622;627;639;653;670;692;710;736;761;793;821;847;866;887;906;913
352960 MERIDIANO;588;573;555;542;534;533;541;551;560;571;579;587;595;599;604;601;587;581;559
352965 MESOPOLIS;305;295;288;283;281;280;283;285;290;290;291;290;289;284;280;273;266;264;258
352970 MIGUELOPOLIS;3812;3793;3769;3725;3658;3584;3500;3422;3351;3280;3212;3162;3113;3057;2995;2925;2860;2784;2726
352980 MINEIROS DO TIETE;2160;2125;2091;2050;2003;1957;1909;1871;1835;1802;1767;1739;1714;1681;1648;1607;1557;1507;1463
352990 MIRACATU;4943;4775;4610;4435;4271;4124;3993;3876;3772;3669;3574;3503;3433;3357;3272;3164;3037;2902;2789
353000 MIRA ESTRELA;411;409;405;400;394;384;377;373;373;371;374;383;393;402;407;408;398;397;389
353010 MIRANDOPOLIS;3621;3598;3572;3520;3445;3366;3302;3258;3225;3196;3171;3155;3146;3131;3092;3022;2915;2795;2674
353020 MIRANTE DO PARANAPANEMA;2992;2967;2930;2866;2778;2687;2607;2547;2501;2453;2415;2395;2377;2358;2328;2268;2180;2082;1991
353030 MIRASSOL;7925;7878;7839;7809;7809;7847;7914;8002;8112;8218;8345;8523;8718;8896;9039;9122;9164;9150;9072
353040 MIRASSOLANDIA;688;683;679;674;670;663;663;664;666;664;667;677;683;684;686;683;673;669;661
353050 MOCOCA;10826;10635;10455;10257;10063;9908;9779;9685;9620;9542;9478;9448;9418;9360;9261;9100;8886;8639;8390
353060 MOGI DAS CRUZES;72301;71733;71150;70541;70087;69951;69999;70192;70563;70828;71006;71260;71365;71192;70765;70080;69291;68478;67244
353070 MOGI GUACU;22332;22032;21754;21497;21330;21279;21303;21385;21519;21632;21748;21927;22091;22181;22179;22078;21912;21708;21394
353080 MOGI MIRIM;13485;13332;13189;13030;12890;12791;12729;12703;12712;12709;12707;12746;12778;12769;12705;12568;12366;12126;11857
353090 MOMBUCA;615;606;597;587;585;586;588;595;599;609;618;632;648;663;679;686;684;685;686
353100 MONCOES;284;279;279;279;276;271;268;266;264;260;259;260;257;256;255;245;232;228;214
353110 MONGAGUA;8243;8278;8309;8325;8347;8407;8499;8616;8762;8890;8988;9059;9082;9066;9001;8863;8651;8456;8089
353120 MONTE ALEGRE DO SUL;1018;1019;1018;1017;1020;1019;1025;1032;1045;1059;1070;1077;1086;1091;1086;1078;1062;1052;1032
353130 MONTE ALTO;6892;6769;6642;6513;6400;6312;6248;6204;6175;6151;6138;6155;6188;6207;6195;6140;6043;5914;5793
353140 MONTE APRAZIVEL;2853;2944;3023;3083;3103;3099;3083;3072;3067;3057;3046;3039;3025;3004;2972;2925;2866;2802;2744
353150 MONTE AZUL PAULISTA;3098;2993;2896;2808;2729;2668;2613;2566;2531;2490;2454;2437;2417;2394;2362;2315;2257;2189;2131
353160 MONTE CASTELO;588;572;560;540;521;507;501;501;502;507;514;529;554;577;597;608;603;600;593
353170 MONTEIRO LOBATO;732;730;725;716;697;683;670;666;662;663;661;661;659;654;645;632;606;590;563
353180 MONTE MOR;8901;8866;8847;8850;8920;9067;9253;9459;9693;9911;10107;10297;10456;10564;10632;10662;10667;10691;10561
353190 MORRO AGUDO;5592;5578;5566;5537;5488;5434;5363;5290;5225;5152;5059;4963;4853;4723;4579;4434;4292;4148;4031
353200 MORUNGABA;2027;2007;1984;1962;1947;1947;1953;1961;1977;1991;2008;2033;2058;2077;2094;2093;2085;2073;2047
353205 MOTUCA;734;735;733;731;718;701;686;680;670;659;650;641;631;623;609;591;563;543;517
353210 MURUTINGA DO SUL;599;590;578;559;533;511;494;479;468;458;450;450;453;454;454;447;432;418;397
353215 NANTES;531;535;535;527;514;503;491;482;474;467;462;458;457;449;443;434;421;414;401
353220 NARANDIBA;778;779;778;777;781;788;808;835;860;894;920;948;974;1003;1025;1032;1026;1036;1015
353230 NATIVIDADE DA SERRA;1217;1163;1114;1069;1038;1025;1018;1019;1021;1023;1025;1031;1032;1034;1022;1012;985;963;940
353240 NAZARE PAULISTA;2895;2814;2733;2655;2595;2554;2537;2529;2532;2538;2550;2578;2611;2637;2652;2650;2633;2609;2570
353250 NEVES PAULISTA;1089;1064;1040;1018;1002;996;993;1002;1014;1029;1051;1079;1119;1160;1198;1223;1232;1229;1224
353260 NHANDEARA;1304;1309;1313;1304;1282;1263;1248;1239;1232;1225;1215;1212;1208;1200;1181;1151;1104;1058;1011
353270 NIPOA;620;642;662;679;691;703;712;722;738;749;758;769;780;788;790;788;777;771;755
353280 NOVA ALIANCA;859;865;872;880;887;895;902;909;918;929;936;949;957;966;969;967;965;960;948
353282 NOVA CAMPINA;2076;2009;1939;1873;1813;1769;1732;1702;1673;1651;1627;1609;1593;1578;1551;1522;1487;1456;1420
353284 NOVA CANAA PAULISTA;295;281;266;253;244;234;228;223;222;221;216;214;212;212;212;210;202;197;188
353286 NOVA CASTILHO;174;172;172;174;172;174;174;168;172;175;178;177;172;171;167;162;152;149;141
353290 NOVA EUROPA;1614;1648;1680;1703;1702;1690;1675;1657;1644;1625;1598;1573;1539;1502;1463;1417;1369;1330;1294
353300 NOVA GRANADA;3058;3025;2988;2947;2910;2882;2870;2865;2871;2873;2876;2896;2910;2919;2912;2878;2821;2762;2695
353310 NOVA GUATAPORANGA;330;326;322;314;306;302;297;291;289;288;287;291;299;306;312;313;309;308;303
353320 NOVA INDEPENDENCIA;492;517;544;565;579;587;594;604;613;625;634;642;649;651;655;651;645;648;639
353325 NOVAIS;798;829;862;886;901;908;909;905;904;898;889;870;844;817;784;758;726;713;694
353330 NOVA LUZITANIA;559;567;578;578;574;558;538;516;498;479;461;445;429;416;397;379;364;348;334
353340 NOVA ODESSA;8056;8021;7995;7966;7966;8007;8073;8155;8269;8366;8464;8576;8675;8741;8774;8760;8710;8647;8500
353350 NOVO HORIZONTE;5727;5754;5768;5761;5714;5673;5637;5615;5611;5596;5580;5573;5568;5541;5493;5416;5316;5211;5094
353360 NUPORANGA;1078;1071;1063;1052;1046;1038;1042;1047;1058;1063;1073;1086;1099;1107;1112;1112;1099;1090;1079
353370 OCAUCU;727;717;707;698;688;681;677;675;676;673;677;681;685;688;687;682;670;664;660
353380 OLEO;477;458;443;424;407;394;385;375;369;365;356;352;347;345;337;328;312;305;294
353390 OLIMPIA;7627;7658;7691;7717;7743;7786;7828;7881;7953;8008;8054;8098;8121;8114;8080;8016;7948;7875;7774
353400 ONDA VERDE;680;675;669;663;661;662;664;673;684;693;703;712;725;735;739;740;734;732;719
353410 ORIENTE;933;924;907;887;862;842;826;814;809;807;803;809;816;829;833;828;808;794;772
353420 ORINDIUVA;998;1005;1014;1016;1014;1013;1009;1009;1008;1007;1001;1001;998;993;980;973;950;936;914
353430 ORLANDIA;6622;6554;6471;6359;6218;6082;5952;5849;5765;5678;5598;5542;5492;5426;5334;5214;5067;4898;4751
353440 OSASCO;122277;119909;117721;115789;114480;113877;113620;113572;113796;113851;113767;113802;113587;112956;111837;110164;108044;105870;103349
353450 OSCAR BRESSANE;345;345;346;344;341;343;341;341;339;338;334;328;319;308;297;284;263;256;245
353460 OSVALDO CRUZ;4258;4173;4092;4004;3920;3861;3827;3808;3808;3805;3812;3839;3873;3896;3898;3858;3772;3674;3565
353470 OURINHOS;17415;17299;17168;16983;16756;16544;16353;16210;16108;15986;15863;15777;15683;15531;15323;15033;14688;14296;13936
353475 OUROESTE;1223;1243;1261;1275;1289;1304;1321;1341;1368;1388;1408;1428;1445;1456;1461;1456;1445;1436;1415
353480 OURO VERDE;1385;1384;1378;1364;1343;1320;1299;1281;1265;1252;1245;1247;1256;1266;1267;1265;1251;1230;1213
353490 PACAEMBU;1587;1569;1547;1519;1488;1454;1421;1398;1378;1355;1341;1327;1315;1299;1276;1247;1200;1162;1108
353500 PALESTINA;1453;1483;1518;1542;1553;1563;1571;1579;1590;1600;1608;1618;1634;1640;1636;1629;1614;1598;1580
353510 PALMARES PAULISTA;2001;2004;2001;1996;1979;1956;1926;1891;1859;1824;1781;1733;1680;1622;1561;1496;1436;1379;1332
353520 PALMEIRA D'OESTE;1446;1404;1354;1305;1252;1208;1168;1134;1105;1076;1057;1043;1037;1030;1015;995;964;928;901
353530 PALMITAL;3377;3309;3243;3171;3099;3028;2964;2909;2868;2818;2770;2733;2694;2650;2596;2525;2442;2350;2273
353540 PANORAMA;2831;2801;2771;2732;2696;2663;2637;2622;2610;2593;2581;2572;2560;2541;2512;2467;2406;2345;2282
353550 PARAGUACU PAULISTA;7404;7270;7133;6975;6822;6682;6574;6493;6439;6384;6340;6328;6324;6303;6248;6141;5982;5798;5625
353560 PARAIBUNA;3261;3167;3078;2985;2901;2832;2778;2735;2705;2673;2650;2647;2653;2652;2639;2609;2557;2495;2439
353570 PARAISO;944;930;921;913;907;902;899;894;887;878;868;860;849;837;821;801;780;766;748
353580 PARANAPANEMA;3557;3482;3404;3329;3261;3210;3180;3159;3146;3138;3139;3168;3204;3232;3247;3243;3216;3178;3127
353590 PARANAPUA;630;612;596;577;559;544;532;523;521;520;521;533;549;570;584;595;589;584;571
353600 PARAPUA;1683;1652;1618;1579;1537;1501;1464;1440;1420;1403;1388;1384;1384;1380;1372;1353;1321;1286;1254
353610 PARDINHO;1097;1088;1077;1068;1064;1070;1075;1087;1103;1112;1125;1131;1131;1128;1122;1113;1097;1089;1077
353620 PARIQUERA-ACU;3699;3596;3497;3396;3311;3253;3212;3185;3163;3147;3128;3118;3107;3086;3051;3000;2919;2833;2742
353625 PARISI;282;281;277;279;279;287;296;308;324;334;349;361;376;385;393;399;398;406;405
353630 PATROCINIO PAULISTA;2343;2341;2340;2336;2334;2332;2336;2346;2362;2376;2383;2390;2390;2379;2364;2337;2301;2271;2228
353640 PAULICEIA;1192;1178;1164;1150;1141;1146;1153;1177;1198;1223;1246;1271;1298;1311;1321;1321;1299;1286;1257
353650 PAULINIA;12832;13285;13727;14114;14433;14737;15027;15340;15695;16010;16261;16457;16569;16598;16565;16480;16368;16294;15971
353657 PAULISTANIA;322;310;301;287;277;271;263;265;263;265;269;275;288;298;309;319;321;327;329
353660 PAULO DE FARIA;1499;1470;1443;1407;1362;1316;1264;1223;1181;1139;1105;1074;1043;1010;974;940;903;871;836
353670 PEDERNEIRAS;7537;7438;7343;7245;7161;7111;7072;7053;7055;7046;7023;7009;6972;6912;6827;6710;6566;6418;6256
353680 PEDRA BELA;962;931;908;885;870;862;858;859;857;861;861;867;873;879;879;873;863;848;834
353690 PEDRANOPOLIS;372;371;370;362;353;347;340;341;338;336;337;337;332;333;331;324;312;304;294
353700 PEDREGULHO;2852;2827;2804;2767;2727;2688;2646;2613;2584;2550;2520;2493;2465;2428;2382;2327;2265;2200;2139
353710 PEDREIRA;6483;6454;6415;6348;6261;6184;6113;6053;6006;5956;5910;5885;5867;5828;5772;5682;5573;5451;5332
353715 PEDRINHAS PAULISTA;488;470;456;441;426;409;397;387;380;371;364;361;362;364;360;353;340;333;321
353720 PEDRO DE TOLEDO;2196;2164;2126;2089;2046;2016;1996;1986;1983;1981;1972;1959;1936;1911;1870;1816;1731;1663;1581
353730 PENAPOLIS;9031;8968;8911;8829;8744;8681;8648;8649;8672;8696;8722;8785;8849;8883;8875;8805;8672;8506;8321
353740 PEREIRA BARRETO;4135;4077;4025;3962;3897;3838;3787;3740;3704;3662;3618;3578;3535;3485;3418;3329;3217;3107;3001
353750 PEREIRAS;1237;1253;1267;1273;1280;1288;1297;1314;1329;1347;1357;1368;1379;1380;1379;1363;1342;1325;1297
353760 PERUIBE;11596;11474;11349;11202;11066;10973;10910;10875;10874;10849;10797;10738;10642;10498;10321;10102;9858;9609;9298
353770 PIACATU;805;809;807;808;803;799;795;797;797;798;793;787;775;761;747;730;707;692;676
353780 PIEDADE;9681;9420;9170;8925;8714;8556;8438;8346;8271;8188;8110;8058;7995;7908;7791;7638;7454;7261;7070
353790 PILAR DO SUL;5200;5095;4982;4863;4745;4649;4581;4529;4492;4460;4432;4426;4426;4410;4379;4321;4239;4142;4046
353800 PINDAMONHANGABA;26551;26319;26074;25811;25580;25458;25417;25441;25544;25619;25704;25877;26038;26117;26093;25930;25669;25321;24877
353810 PINDORAMA;2121;2141;2159;2162;2142;2124;2101;2084;2069;2053;2029;2004;1973;1934;1892;1838;1774;1718;1659
353820 PINHALZINHO;2079;2068;2058;2044;2023;2013;2011;2016;2029;2034;2042;2050;2048;2044;2032;2008;1972;1936;1891
353830 PIQUEROBI;542;542;537;532;519;506;490;481;474;464;453;446;443;439;428;415;400;386;374
353850 PIQUETE;2319;2285;2244;2197;2136;2067;2005;1954;1915;1870;1828;1795;1761;1722;1677;1616;1538;1459;1385
353860 PIRACAIA;4390;4259;4135;4010;3915;3841;3789;3741;3702;3658;3621;3600;3580;3546;3503;3439;3359;3278;3195
353870 PIRACICABA;58672;58045;57467;56985;56783;56910;57205;57602;58137;58589;58961;59395;59688;59749;59579;59176;58641;58126;57157
353880 PIRAJU;4855;4787;4710;4622;4526;4448;4383;4340;4310;4279;4250;4246;4244;4230;4201;4144;4065;3968;3876
353890 PIRAJUI;3049;3036;3024;3000;2979;2958;2937;2917;2901;2879;2851;2823;2791;2747;2695;2643;2594;2557;2526
353900 PIRANGI;1508;1484;1460;1433;1412;1396;1386;1381;1379;1377;1383;1396;1411;1424;1430;1423;1410;1390;1363
353910 PIRAPORA DO BOM JESUS;3564;3512;3458;3409;3366;3345;3335;3334;3338;3343;3349;3369;3383;3386;3381;3359;3319;3279;3223
353920 PIRAPOZINHO;4116;4048;3974;3891;3812;3748;3704;3672;3653;3632;3624;3634;3650;3657;3649;3613;3561;3500;3428
353930 PIRASSUNUNGA;11139;11020;10901;10778;10678;10607;10564;10543;10549;10537;10519;10522;10513;10470;10376;10242;10072;9882;9692
353940 PIRATININGA;1937;1915;1890;1863;1834;1829;1847;1882;1930;1979;2037;2103;2168;2241;2287;2313;2295;2273;2236
353950 PITANGUEIRAS;7228;7116;6998;6863;6720;6585;6443;6305;6185;6054;5929;5821;5712;5586;5450;5304;5170;5020;4907
353960 PLANALTO;775;790;803;812;811;805;794;777;764;751;734;718;702;683;659;637;614;595;574
353970 PLATINA;609;608;605;595;587;573;560;549;540;532;523;515;512;501;493;480;465;454;439
353980 POA;20645;20301;19943;19533;19105;18731;18412;18150;17945;17713;17468;17245;16992;16680;16299;15826;15276;14702;14182
353990 POLONI;721;740;764;783;796;806;814;818;822;827;825;822;815;807;791;777;759;751;743
354000 POMPEIA;3181;3135;3090;3032;2970;2918;2881;2860;2849;2834;2830;2840;2860;2865;2854;2815;2737;2649;2556
354010 PONGAI;463;451;440;429;419;406;403;401;403;405;408;411;415;417;418;412;396;386;370
354020 PONTAL;7738;7823;7899;7937;7911;7841;7722;7592;7464;7316;7149;6976;6783;6565;6341;6119;5933;5747;5609
354025 PONTALINDA;667;681;692;696;696;691;684;685;683;679;677;673;669;663;658;644;625;611;596
354030 PONTES GESTAL;399;392;385;377;372;365;360;357;354;351;349;353;354;352;348;344;329;322;309
354040 POPULINA;630;615;604;596;585;580;574;574;579;578;575;569;565;555;540;522;494;473;452
354050 PORANGABA;1333;1334;1329;1319;1309;1303;1302;1307;1314;1323;1333;1347;1364;1378;1384;1381;1370;1362;1342
354060 PORTO FELIZ;8525;8361;8209;8065;7965;7927;7926;7951;8005;8047;8088;8156;8211;8240;8231;8169;8053;7936;7749
354070 PORTO FERREIRA;8518;8483;8447;8390;8326;8258;8182;8108;8052;7976;7885;7791;7681;7537;7375;7194;7002;6803;6624
354075 POTIM;3381;3407;3423;3420;3402;3379;3348;3323;3304;3274;3250;3228;3206;3172;3123;3062;2993;2932;2861
354080 POTIRENDABA;2072;2108;2148;2176;2210;2241;2279;2328;2384;2437;2491;2548;2608;2656;2693;2712;2711;2710;2673
354085 PRACINHA;258;258;259;254;250;244;240;238;236;231;229;223;219;211;204;192;181;179;171
354090 PRADOPOLIS;2845;2913;2974;3007;3007;2990;2963;2934;2914;2880;2833;2780;2716;2642;2559;2472;2383;2303;2225
354100 PRAIA GRANDE;46126;46505;46880;47250;47728;48399;49145;49961;50899;51719;52356;52857;53104;53089;52909;52593;52290;52117;51202
354105 PRATANIA;901;887;876;862;847;840;834;836;841;847;849;855;863;868;865;858;843;832;811
354110 PRESIDENTE ALVES;673;657;645;629;614;605;597;592;589;583;578;574;570;564;553;538;518;501;481
354120 PRESIDENTE BERNARDES;1968;1900;1838;1768;1694;1634;1586;1554;1530;1507;1492;1494;1501;1510;1504;1477;1430;1375;1307
354130 PRESIDENTE EPITACIO;7470;7387;7285;7153;6981;6807;6645;6511;6401;6286;6185;6114;6046;5963;5856;5707;5509;5279;5079
354140 PRESIDENTE PRUDENTE;32371;32150;31932;31656;31370;31154;30985;30893;30878;30838;30841;30994;31175;31276;31248;31062;30770;30352;29865
354150 PRESIDENTE VENCESLAU;5681;5568;5451;5312;5170;5036;4928;4838;4768;4696;4636;4604;4586;4561;4505;4415;4283;4127;3989
354160 PROMISSAO;6091;6113;6126;6096;6020;5923;5826;5744;5679;5611;5539;5489;5438;5368;5280;5166;5032;4879;4752
354165 QUADRA;540;555;566;576;581;583;581;580;579;578;571;563;553;539;524;504;484;470;450
354170 QUATA;2235;2235;2234;2223;2205;2185;2167;2159;2156;2146;2138;2137;2128;2116;2092;2053;1994;1942;1883
354180 QUEIROZ;551;558;559;559;553;549;547;548;549;549;550;554;557;557;552;545;532;526;512
354190 QUELUZ;2076;2072;2063;2037;1988;1921;1848;1781;1719;1659;1613;1572;1544;1510;1476;1440;1397;1354;1307
354200 QUINTANA;966;950;937;923;911;912;916;927;939;950;968;995;1030;1066;1092;1112;1119;1126;1125
354210 RAFARD;1480;1466;1454;1435;1417;1400;1382;1370;1364;1355;1348;1352;1358;1360;1353;1348;1340;1324;1309
354220 RANCHARIA;4970;4885;4792;4687;4568;4466;4377;4320;4278;4235;4214;4228;4250;4270;4262;4220;4135;4028;3930
354230 REDENCAO DA SERRA;734;715;697;679;665;658;654;654;657;652;649;650;644;635;629;614;598;583;567
354240 REGENTE FEIJO;2936;2908;2885;2858;2839;2829;2827;2827;2838;2843;2851;2858;2863;2862;2848;2819;2778;2735;2684
354250 REGINOPOLIS;829;842;846;850;850;852;855;859;864;871;873;864;853;836;815;787;750;740;713
354260 REGISTRO;11115;10799;10491;10205;9979;9831;9739;9688;9669;9642;9613;9616;9605;9565;9480;9325;9111;8879;8608
354270 RESTINGA;1385;1383;1375;1360;1338;1315;1291;1270;1253;1235;1211;1187;1158;1131;1095;1056;1005;964;920
354280 RIBEIRA;712;695;678;659;637;618;603;585;571;558;543;535;520;509;498;483;469;461;450
354290 RIBEIRAO BONITO;2261;2264;2262;2245;2210;2168;2116;2065;2021;1976;1925;1871;1818;1761;1698;1630;1557;1494;1437
354300 RIBEIRAO BRANCO;4808;4524;4268;4047;3883;3774;3696;3627;3574;3522;3476;3454;3441;3415;3384;3339;3286;3216;3164
354310 RIBEIRAO CORRENTE;854;841;828;814;809;805;808;808;809;813;817;820;815;811;800;786;762;752;732
354320 RIBEIRAO DO SUL;747;722;696;677;661;649;641;636;637;633;634;637;645;647;648;646;637;624;614
354323 RIBEIRAO DOS INDIOS;345;333;321;306;291;282;272;266;261;253;247;247;245;247;242;239;230;226;224
354325 RIBEIRAO GRANDE;1484;1440;1398;1356;1320;1291;1265;1243;1224;1202;1185;1168;1153;1129;1108;1081;1046;1012;980
354330 RIBEIRAO PIRES;19081;18748;18410;18040;17678;17384;17154;16979;16864;16733;16607;16535;16444;16306;16088;15759;15310;14818;14334
354340 RIBEIRAO PRETO;91353;91358;91372;91363;91512;91942;92464;93113;93961;94640;95187;95816;96239;96281;96000;95445;94891;94398;93456
354350 RIVERSUL;1203;1173;1142;1110;1085;1059;1032;1009;993;972;955;947;936;922;907;885;863;839;812
354360 RIFAINA;556;554;551;545;539;535;531;536;537;543;544;551;559;569;573;573;566;567;560
354370 RINCAO;2018;1983;1948;1904;1850;1799;1745;1696;1651;1603;1560;1518;1479;1433;1386;1334;1273;1218;1167
354380 RINOPOLIS;1491;1489;1480;1465;1439;1411;1383;1355;1335;1312;1291;1278;1265;1248;1231;1207;1174;1143;1114
354390 RIO CLARO;29026;28736;28468;28191;27991;27906;27891;27942;28061;28137;28195;28308;28382;28353;28203;27913;27525;27100;26701
354400 RIO DAS PEDRAS;5197;5251;5292;5313;5301;5284;5257;5237;5227;5205;5180;5158;5126;5078;5012;4928;4832;4734;4632
354410 RIO GRANDE DA SERRA;8920;8808;8690;8547;8387;8246;8118;8008;7920;7818;7713;7611;7492;7346;7180;6981;6763;6539;6338
354420 RIOLANDIA;1626;1663;1695;1705;1690;1657;1614;1571;1523;1479;1432;1392;1351;1308;1264;1216;1171;1129;1094
354425 ROSANA;4238;3968;3713;3483;3290;3139;3017;2919;2833;2751;2689;2648;2614;2574;2527;2452;2349;2228;2119
354430 ROSEIRA;1735;1721;1712;1695;1686;1688;1688;1705;1721;1733;1743;1756;1762;1761;1753;1731;1694;1664;1619
354440 RUBIACEA;457;465;469;469;468;462;458;458;453;454;454;456;461;461;459;454;436;426;415
354450 RUBINEIA;406;399;393;383;375;374;374;382;390;397;406;417;439;455;469;480;482;489;487
354460 SABINO;800;802;802;799;794;781;770;766;758;753;742;729;719;701;681;660;632;611;586
354470 SAGRES;420;405;392;379;368;359;355;350;351;353;357;363;366;372;374;375;370;367;363
354480 SALES;853;864;873;874;873;870;872;877;883;889;894;891;889;882;869;850;824;810;780
354490 SALES OLIVEIRA;1680;1662;1642;1621;1606;1598;1596;1597;1602;1606;1604;1604;1606;1598;1589;1568;1544;1524;1495
354500 SALESOPOLIS;3055;3011;2964;2901;2831;2766;2699;2637;2586;2536;2485;2447;2415;2375;2329;2277;2219;2159;2107
354510 SALMOURAO;812;805;805;794;779;763;752;738;730;723;717;720;726;735;733;727;716;699;688
354515 SALTINHO;965;971;976;975;969;967;972;973;980;985;997;1013;1027;1043;1053;1054;1051;1044;1033
354520 SALTO;17765;17496;17272;17126;17138;17299;17543;17829;18169;18493;18830;19240;19651;20003;20277;20460;20588;20674;20553
354530 SALTO DE PIRAPORA;7458;7332;7204;7079;6991;6938;6911;6906;6921;6919;6906;6889;6846;6777;6678;6548;6384;6246;6070
354540 SALTO GRANDE;1588;1570;1556;1529;1497;1469;1449;1427;1418;1401;1386;1383;1383;1380;1371;1350;1319;1285;1255
354550 SANDOVALINA;733;726;720;712;700;692;683;677;670;668;660;656;647;639;628;612;587;572;555
354560 SANTA ADELIA;2369;2337;2309;2271;2230;2192;2157;2131;2106;2080;2053;2032;2011;1982;1945;1899;1842;1788;1732
354570 SANTA ALBERTINA;745;741;740;738;734;736;744;756;769;784;800;824;849;875;898;910;908;905;894
354580 SANTA BARBARA D'OESTE;28602;28167;27751;27304;26878;26533;26264;26088;25989;25874;25791;25828;25874;25854;25705;25370;24862;24240;23619
354600 SANTA BRANCA;2421;2389;2358;2315;2269;2226;2181;2139;2102;2065;2029;2001;1973;1941;1901;1860;1809;1760;1717
354610 SANTA CLARA D'OESTE;312;302;293;284;280;279;285;290;299;308;319;333;353;368;383;397;409;421;427
354620 SANTA CRUZ DA CONCEICAO;626;622;615;610;603;596;589;587;584;584;569;559;546;535;518;498;469;451;428
354625 SANTA CRUZ DA ESPERANCA;361;359;352;349;345;343;343;342;345;345;344;344;339;332;326;319;302;299;289
354630 SANTA CRUZ DAS PALMEIRAS;5327;5320;5310;5272;5206;5129;5040;4958;4882;4804;4722;4649;4576;4485;4384;4268;4144;4012;3901
354640 SANTA CRUZ DO RIO PARDO;7547;7473;7405;7323;7251;7189;7147;7117;7110;7091;7068;7063;7051;7017;6955;6868;6760;6639;6523
354650 SANTA ERNESTINA;1012;993;975;960;954;950;948;942;939;933;926;920;919;913;907;897;895;902;910
354660 SANTA FE DO SUL;4014;3964;3919;3880;3863;3876;3915;3972;4042;4114;4200;4321;4455;4581;4689;4761;4797;4805;4773
354670 SANTA GERTRUDES;3903;3927;3949;3959;3955;3953;3952;3951;3953;3948;3942;3932;3920;3889;3845;3785;3717;3661;3443
354680 SANTA ISABEL;9425;9299;9166;9012;8859;8736;8638;8568;8524;8469;8410;8370;8322;8244;8130;7973;7779;7578;7367
354690 SANTA LUCIA;1594;1550;1510;1471;1436;1407;1376;1339;1311;1278;1246;1211;1176;1142;1101;1056;999;953;909
354700 SANTA MARIA DA SERRA;1012;1017;1019;1016;1010;994;980;965;959;948;933;922;904;889;871;850;825;806;787
354710 SANTA MERCEDES;504;505;504;495;480;471;464;459;455;454;451;454;457;460;462;456;442;436;425
354720 SANTANA DA PONTE PENSA;200;196;188;182;179;174;174;171;173;173;178;179;179;177;176;173;161;155;147
354730 SANTANA DE PARNAIBA;19673;19847;20014;20172;20401;20763;21235;21789;22432;23047;23617;24165;24629;24989;25244;25369;25400;25437;24996
354740 SANTA RITA D'OESTE;308;300;291;285;275;269;266;263;262;268;270;278;291;302;312;324;322;321;317
354750 SANTA RITA DO PASSA QUATRO;3699;3663;3621;3568;3502;3430;3369;3323;3279;3235;3193;3160;3133;3092;3039;2959;2859;2744;2641
354760 SANTA ROSA DE VITERBO;3864;3814;3769;3709;3656;3609;3573;3546;3530;3508;3483;3452;3416;3368;3306;3225;3122;3014;2912
354765 SANTA SALETE;169;168;166;165;165;167;168;172;175;177;180;185;191;194;198;202;196;197;195
354770 SANTO ANASTACIO;3315;3232;3148;3053;2946;2848;2756;2675;2604;2537;2479;2443;2420;2391;2351;2299;2232;2150;2084
354780 SANTO ANDRE;103037;101998;101072;100242;99739;99618;99633;99767;100108;100264;100276;100366;100239;99725;98857;97604;96154;94638;92863
354790 SANTO ANTONIO DA ALEGRIA;992;986;980;970;959;955;955;958;962;966;971;982;994;1004;1008;1011;1005;1003;1000
354800 SANTO ANTONIO DE POSSE;3714;3681;3652;3612;3587;3575;3568;3564;3573;3575;3577;3586;3593;3588;3565;3535;3494;3462;3406
354805 SANTO ANTONIO DO ARACANGUA;1244;1234;1225;1208;1189;1178;1175;1178;1187;1196;1205;1214;1225;1230;1226;1212;1181;1150;1112
354810 SANTO ANTONIO DO JARDIM;988;968;945;926;904;883;866;856;847;839;830;828;830;826;821;808;793;776;761
354820 SANTO ANTONIO DO PINHAL;1279;1233;1186;1144;1110;1081;1062;1051;1041;1030;1023;1022;1023;1020;1012;992;969;948;925
354830 SANTO EXPEDITO;426;425;426;420;415;409;402;394;388;386;386;392;397;402;406;411;404;402;395
354840 SANTOPOLIS DO AGUAPEI;737;744;749;749;746;735;725;714;703;694;681;671;661;646;630;608;585;568;550
354850 SANTOS;56126;55660;55187;54578;53894;53273;52727;52317;52041;51683;51282;50954;50546;49965;49167;48082;46743;45292;43894
354860 SAO BENTO DO SAPUCAI;1768;1725;1689;1646;1612;1593;1580;1573;1572;1570;1570;1577;1578;1580;1568;1548;1514;1487;1448
354870 SAO BERNARDO DO CAMPO;128771;127292;125900;124485;123285;122449;121774;121286;121051;120565;119814;119022;117878;116263;114185;111584;108598;105647;102413
354880 SAO CAETANO DO SUL;17301;17372;17432;17448;17444;17509;17663;17914;18237;18553;18875;19245;19602;19907;20080;20055;19783;19394;18863
354890 SAO CARLOS;33643;33519;33406;33308;33292;33400;33559;33771;34052;34293;34526;34862;35165;35346;35389;35275;35070;34824;34349
354900 SAO FRANCISCO;430;428;421;415;401;385;373;361;350;343;333;327;322;313;309;300;286;277;267
354910 SAO JOAO DA BOA VISTA;12355;12227;12095;11956;11835;11763;11731;11727;11761;11787;11836;11949;12080;12178;12226;12202;12113;11979;11784
354920 SAO JOAO DAS DUAS PONTES;420;400;383;367;358;351;343;337;333;332;330;330;335;335;332;330;324;323;316
354925 SAO JOAO DE IRACEMA;253;253;256;258;256;257;257;261;262;261;264;267;269;271;270;270;264;263;260
354930 SAO JOAO DO PAU D'ALHO;288;277;267;256;249;247;246;246;246;245;250;255;262;269;272;274;269;269;263
354940 SAO JOAQUIM DA BARRA;7593;7579;7560;7520;7460;7409;7355;7320;7299;7273;7228;7180;7117;7026;6917;6770;6613;6444;6278
354950 SAO JOSE DA BELA VISTA;1797;1771;1750;1723;1695;1662;1624;1584;1549;1508;1465;1426;1381;1330;1282;1233;1192;1159;1122
354960 SAO JOSE DO BARREIRO;826;812;796;774;744;720;695;675;658;642;625;616;614;605;597;587;569;560;546
354970 SAO JOSE DO RIO PARDO;8037;7890;7746;7603;7468;7361;7284;7238;7218;7199;7200;7241;7296;7338;7339;7281;7160;7003;6841
354980 SAO JOSE DO RIO PRETO;56995;56892;56861;56901;57181;57727;58416;59214;60150;61006;61837;62827;63754;64455;64904;65084;65148;65160;64594
354990 SAO JOSE DOS CAMPOS;108667;107918;107210;106444;105863;105636;105604;105767;106176;106408;106525;106777;106815;106450;105647;104321;102639;100812;98609
354995 SAO LOURENCO DA SERRA;2684;2618;2551;2493;2450;2430;2424;2424;2437;2445;2450;2463;2476;2485;2478;2456;2416;2376;2316
355000 SAO LUIS DO PARAITINGA;1741;1682;1620;1558;1502;1456;1419;1389;1366;1341;1324;1317;1317;1311;1300;1281;1246;1208;1170
355010 SAO MANUEL;6850;6697;6543;6380;6222;6095;5989;5905;5838;5770;5708;5665;5626;5571;5494;5372;5225;5062;4909
355020 SAO MIGUEL ARCANJO;6541;6373;6202;6036;5892;5777;5686;5611;5555;5493;5431;5381;5330;5259;5173;5054;4920;4778;4644
355030 SAO PAULO;1916852;1893020;1868657;1842188;1816537;1795405;1776124;1759287;1746363;1731135;1714483;1701224;1685042;1663353;1635383;1601075;1565073;1523268;1485534
355040 SAO PEDRO;5186;5116;5047;4982;4940;4929;4938;4964;5005;5044;5082;5136;5187;5220;5236;5212;5159;5094;4978
355050 SAO PEDRO DO TURVO;1368;1347;1322;1293;1265;1240;1219;1203;1191;1178;1168;1170;1176;1178;1173;1165;1146;1126;1103
355060 SAO ROQUE;13241;13046;12827;12564;12296;12077;11933;11852;11817;11781;11767;11807;11850;11859;11798;11630;11348;11002;10658
355070 SAO SEBASTIAO;13991;14009;14013;13977;13918;13882;13862;13868;13904;13919;13904;13888;13842;13733;13581;13362;13108;12841;12536
355080 SAO SEBASTIAO DA GRAMA;2111;2065;2019;1966;1910;1852;1797;1737;1686;1634;1586;1542;1502;1460;1411;1361;1310;1265;1223
355090 SAO SIMAO;2490;2468;2433;2386;2326;2264;2205;2154;2111;2061;2014;1962;1905;1840;1777;1708;1629;1555;1492
355100 SAO VICENTE;60829;60174;59470;58584;57575;56631;55765;55034;54445;53799;53121;52559;51920;51121;50102;48801;47252;45614;44085
355110 SARAPUI;1767;1744;1723;1693;1667;1644;1634;1633;1639;1638;1641;1647;1652;1647;1635;1613;1577;1546;1503
355120 SARUTAIA;688;676;670;658;646;631;619;607;594;585;573;565;558;552;543;536;527;523;520
355130 SEBASTIANOPOLIS DO SUL;370;379;388;392;399;402;405;411;417;420;429;438;444;452;453;453;442;437;427
355140 SERRA AZUL;1827;1812;1792;1765;1742;1719;1691;1670;1649;1624;1599;1574;1544;1507;1467;1427;1387;1359;1325
355150 SERRANA;7596;7536;7485;7446;7436;7458;7487;7516;7562;7586;7578;7548;7481;7376;7252;7109;6969;6852;6702
355160 SERRA NEGRA;3876;3832;3787;3742;3702;3679;3666;3665;3676;3682;3698;3730;3766;3790;3801;3792;3762;3717;3659
355170 SERTAOZINHO;18425;18366;18317;18281;18294;18387;18525;18692;18907;19083;19227;19373;19467;19476;19416;19283;19125;18959;18683
355180 SETE BARRAS;2908;2847;2786;2717;2649;2590;2534;2491;2447;2406;2362;2333;2305;2266;2221;2163;2097;2024;1964
355190 SEVERINIA;2916;2870;2830;2778;2728;2675;2627;2576;2530;2482;2436;2401;2368;2327;2279;2226;2165;2104;2046
355200 SILVEIRAS;1131;1107;1082;1056;1030;1009;995;982;976;962;956;952;954;945;937;926;910;894;874
355210 SOCORRO;5293;5279;5260;5229;5190;5157;5134;5128;5134;5135;5134;5145;5153;5145;5118;5063;4977;4879;4774
355220 SOROCABA;96712;95661;94738;94083;94091;94790;95843;97080;98562;99923;101266;102860;104338;105456;106201;106577;106825;106980;106073
355230 SUD MENNUCCI;1301;1276;1245;1218;1190;1166;1152;1139;1125;1116;1106;1101;1104;1098;1089;1077;1052;1027;1004
355240 SUMARE;43024;42904;42824;42767;42851;43105;43419;43779;44237;44579;44781;44896;44826;44543;44104;43520;42903;42351;41530
355250 SUZANO;52259;51271;50328;49465;48902;48710;48749;48914;49225;49484;49724;50080;50353;50448;50339;50003;49520;48969;48100
355255 SUZANAPOLIS;552;556;561;561;552;542;535;527;524;519;511;505;497;488;476;464;446;434;418
355260 TABAPUA;1638;1631;1631;1630;1621;1617;1609;1604;1603;1593;1584;1570;1546;1517;1483;1439;1383;1334;1282
355270 TABATINGA;2494;2486;2469;2447;2413;2387;2366;2351;2338;2330;2322;2329;2343;2350;2349;2333;2309;2281;2252
355280 TABOAO DA SERRA;45828;45731;45608;45413;45236;45152;45081;45037;45080;45013;44800;44498;44014;43337;42506;41554;40550;39638;38572
355290 TACIBA;988;981;972;962;948;942;940;941;948;955;965;975;992;1006;1014;1013;1002;995;983
355300 TAGUAI;1779;1832;1881;1922;1954;1977;1998;2021;2048;2068;2082;2096;2103;2100;2088;2072;2063;2061;2042
355310 TAIACU;1054;1019;983;949;915;890;866;852;834;818;809;809;812;813;808;800;788;771;761
355320 TAIUVA;780;764;749;732;720;711;707;706;702;703;707;716;725;736;739;740;729;719;704
355330 TAMBAU;3905;3844;3788;3718;3646;3576;3516;3471;3434;3393;3354;3330;3297;3253;3201;3128;3034;2941;2852
355340 TANABI;3307;3299;3285;3262;3236;3227;3232;3254;3285;3309;3347;3398;3463;3513;3540;3541;3506;3456;3390
355350 TAPIRAI;1926;1851;1777;1705;1636;1588;1552;1515;1488;1460;1438;1421;1404;1386;1359;1325;1289;1251;1215
355360 TAPIRATIBA;2202;2110;2026;1947;1870;1810;1760;1723;1691;1658;1630;1613;1598;1581;1554;1518;1464;1412;1360
355365 TAQUARAL;487;473;463;449;434;422;410;401;394;387;375;370;362;351;340;332;317;307;297
355370 TAQUARITINGA;9201;9066;8930;8771;8593;8430;8279;8147;8043;7926;7814;7721;7624;7498;7355;7170;6961;6732;6529
355380 TAQUARITUBA;4100;3993;3898;3811;3740;3696;3661;3634;3614;3591;3567;3555;3541;3512;3474;3427;3373;3322;3261
355385 TAQUARIVAI;1187;1157;1132;1110;1094;1093;1093;1100;1105;1113;1123;1139;1158;1171;1181;1195;1213;1227;1235
355390 TARABAI;1243;1237;1228;1212;1186;1159;1128;1110;1094;1079;1062;1054;1046;1038;1023;1005;977;955;929
355395 TARUMA;2297;2319;2340;2357;2360;2370;2383;2405;2433;2460;2478;2493;2499;2493;2475;2441;2387;2345;2282
355400 TATUI;19218;19053;18887;18719;18618;18608;18650;18725;18849;18945;19020;19127;19200;19205;19143;19011;18856;18670;18399
355410 TAUBATE;46622;46246;45889;45521;45253;45162;45171;45267;45467;45603;45691;45842;45911;45809;45520;45017;44361;43666;42757
355420 TEJUPA;1099;1059;1018;979;935;901;867;837;808;783;754;737;717;695;677;653;628;609;590
355430 TEODORO SAMPAIO;4297;4207;4112;4015;3923;3858;3808;3776;3760;3740;3729;3744;3764;3775;3766;3729;3656;3568;3477
355440 TERRA ROXA;1463;1459;1455;1443;1421;1394;1364;1335;1307;1280;1251;1223;1196;1165;1133;1098;1058;1023;993
355450 TIETE;5962;5954;5942;5914;5876;5835;5795;5755;5722;5687;5630;5577;5513;5424;5321;5206;5082;4960;4847
355460 TIMBURI;442;436;429;421;411;402;394;393;386;382;375;364;355;342;330;319;298;288;271
355465 TORRE DE PEDRA;379;373;367;356;345;337;325;313;304;293;286;283;282;281;279;275;271;265;259
355470 TORRINHA;1388;1370;1349;1336;1313;1301;1289;1285;1284;1282;1285;1298;1310;1321;1319;1314;1294;1274;1244
355475 TRABIJU;282;279;273;274;268;267;264;266;270;268;268;265;264;256;252;244;233;233;230
355480 TREMEMBE;6696;6645;6587;6532;6502;6514;6553;6614;6690;6760;6817;6877;6921;6934;6916;6860;6762;6688;6526
355490 TRES FRONTEIRAS;769;753;740;728;727;734;750;772;792;814;839;866;889;916;934;945;944;957;950
355495 TUIUTI;832;838;840;834;829;827;826;837;842;851;860;872;879;884;884;881;861;843;821
355500 TUPA;9278;9172;9066;8955;8834;8733;8653;8593;8556;8516;8486;8505;8533;8540;8511;8418;8277;8087;7909
355510 TUPI PAULISTA;1631;1597;1566;1535;1518;1514;1522;1538;1558;1582;1608;1641;1676;1711;1731;1736;1722;1712;1701
355520 TURIUBA;239;244;249;252;253;251;249;247;246;244;244;241;245;244;243;236;227;225;217
355530 TURMALINA;247;232;221;208;194;184;173;164;159;152;149;144;145;145;149;147;146;146;138
355535 UBARANA;1054;1057;1056;1048;1031;1017;998;985;971;959;949;937;922;907;892;872;850;829;806
355540 UBATUBA;15313;14952;14612;14319;14125;14057;14052;14078;14138;14187;14251;14366;14479;14541;14563;14528;14475;14391;14219
355550 UBIRAJARA;798;791;786;783;781;785;796;804;821;830;845;861;870;878;883;885;881;879;868
355560 UCHOA;1359;1353;1347;1340;1328;1328;1331;1335;1348;1359;1365;1372;1377;1371;1365;1348;1317;1289;1258
355570 UNIAO PAULISTA;246;254;257;264;265;268;265;264;267;267;265;267;265;267;268;269;267;273;278
355580 URANIA;1298;1281;1261;1237;1210;1183;1165;1153;1142;1135;1125;1127;1130;1132;1123;1108;1083;1050;1018
355590 URU;184;181;177;172;166;163;168;171;172;175;179;185;190;196;198;201;199;203;202
355600 URUPES;1726;1709;1696;1677;1653;1640;1631;1629;1635;1640;1648;1666;1689;1709;1720;1719;1707;1689;1661
355610 VALENTIM GENTIL;1626;1637;1643;1655;1671;1696;1724;1760;1807;1845;1887;1943;2000;2052;2096;2133;2153;2174;2168
355620 VALINHOS;15027;15164;15293;15379;15437;15517;15607;15731;15888;16021;16144;16291;16409;16471;16460;16363;16185;15974;15676
355630 VALPARAISO;3550;3555;3563;3563;3558;3557;3566;3583;3611;3630;3643;3651;3648;3629;3592;3528;3442;3367;3274
355635 VARGEM;1420;1417;1412;1403;1399;1405;1419;1437;1466;1488;1513;1551;1586;1619;1645;1660;1669;1680;1669
355640 VARGEM GRANDE DO SUL;6796;6755;6716;6654;6576;6502;6423;6347;6289;6221;6160;6115;6076;6020;5945;5847;5745;5620;5517
355645 VARGEM GRANDE PAULISTA;8040;8062;8080;8076;8067;8079;8100;8132;8186;8220;8241;8250;8235;8182;8099;7983;7835;7694;7504
355650 VARZEA PAULISTA;20048;19869;19693;19509;19357;19265;19198;19164;19168;19140;19080;19032;18934;18764;18523;18207;17856;17512;17088
355660 VERA CRUZ;1830;1784;1739;1690;1641;1597;1556;1526;1501;1473;1451;1438;1432;1421;1399;1368;1326;1284;1242
355670 VINHEDO;9249;9406;9548;9646;9717;9796;9894;10024;10183;10324;10454;10586;10693;10756;10764;10694;10542;10383;10038
355680 VIRADOURO;2982;2931;2881;2832;2794;2766;2745;2727;2718;2707;2690;2681;2672;2655;2627;2587;2547;2501;2457
355690 VISTA ALEGRE DO ALTO;1004;1028;1049;1069;1085;1096;1114;1134;1157;1180;1204;1234;1262;1289;1310;1320;1324;1326;1311
355695 VITORIA BRASIL;246;247;251;253;249;248;248;249;250;252;247;241;237;232;223;220;212;212;208
355700 VOTORANTIM;20115;19807;19512;19274;19158;19183;19264;19371;19520;19637;19730;19850;19922;19914;19844;19723;19608;19499;19265
355710 VOTUPORANGA;11472;11433;11396;11357;11339;11378;11460;11579;11734;11887;12057;12308;12572;12806;12984;13086;13134;13137;13043
355715 ZACARIAS;347;351;356;360;360;361;367;380;384;392;395;400;397;396;390;386;370;369;359
355720 CHAVANTES;2249;2201;2152;2106;2066;2036;2019;2004;1996;1985;1977;1967;1959;1943;1921;1886;1830;1781;1726
355730 ESTIVA GERBI;1736;1710;1684;1662;1646;1640;1637;1637;1643;1649;1656;1673;1693;1706;1715;1716;1704;1685;1664
