Município;2016;2017;2018;2019;2020;2021;2022;2023;media
350010 ADAMANTINA;4184;4173;4200;4242;4282;4302;4302;4283;4246
350020 ADOLFO;531;544;563;580;598;612;619;618;583,125
350030 AGUAI;5368;5314;5275;5222;5155;5070;4969;4863;5154,5
350040 AGUAS DA PRATA;971;966;962;962;959;952;930;898;950
350050 AGUAS DE LINDOIA;2371;2345;2324;2295;2258;2212;2152;2085;2255,25
350055 AGUAS DE SANTA BARBARA;1000;1012;1023;1031;1031;1025;1015;994;1016,375
350060 AGUAS DE SAO PEDRO;292;291;291;289;287;284;277;262;284,125
350070 AGUDOS;5914;5937;5973;6002;6009;5990;5933;5839;5949,625
350075 ALAMBARI;970;977;980;977;971;962;949;931;964,625
350080 ALFREDO MARCONDES;520;525;539;555;572;586;596;594;560,875
350090 ALTAIR;627;617;603;589;570;552;530;505;574,125
350100 ALTINOPOLIS;2342;2361;2392;2425;2456;2471;2471;2447;2420,625
350110 ALTO ALEGRE;498;490;484;478;471;461;445;424;468,875
350115 ALUMINIO;2967;2931;2903;2874;2838;2791;2731;2662;2837,125
350120 ALVARES FLORENCE;417;418;425;433;439;443;441;431;430,875
350130 ALVARES MACHADO;3839;3889;3965;4054;4139;4201;4238;4244;4071,125
350140 ALVARO DE CARVALHO;573;559;548;535;517;500;482;462;522
350150 ALVINLANDIA;499;493;485;480;467;456;440;419;467,375
350160 AMERICANA;30492;30672;30952;31228;31404;31468;31378;31203;31099,625
350170 AMERICO BRASILIENSE;5793;5692;5592;5482;5351;5206;5042;4866;5378
350180 AMERICO DE CAMPOS;744;738;736;733;729;721;709;691;725,125
350190 AMPARO;8951;8942;8972;9016;9037;9009;8913;8751;8948,875
350200 ANALANDIA;738;735;736;736;732;724;715;705;727,625
350210 ANDRADINA;7846;7881;7959;8046;8113;8138;8103;8006;8011,5
350220 ANGATUBA;3805;3807;3821;3841;3848;3846;3817;3765;3818,75
350230 ANHEMBI;1015;998;983;970;952;931;907;885;955,125
350240 ANHUMAS;579;579;584;596;600;605;602;595;592,5
350250 APARECIDA;5010;4939;4894;4853;4808;4737;4633;4499;4796,625
350260 APARECIDA D'OESTE;492;488;491;496;499;501;493;475;491,875
350270 APIAI;4292;4224;4176;4129;4070;3998;3897;3771;4069,625
350275 ARACARIGUAMA;3821;3841;3851;3848;3824;3800;3774;3768;3815,875
350280 ARACATUBA;26582;26772;27028;27253;27382;27385;27230;26949;27072,625
350290 ARACOIABA DA SERRA;4583;4575;4559;4521;4466;4392;4291;4166;4444,125
350300 ARAMINA;758;763;769;771;771;766;754;730;760,25
350310 ARANDU;1025;1037;1059;1082;1101;1115;1120;1114;1081,625
350315 ARAPEI;367;354;345;339;331;320;311;294;332,625
350320 ARARAQUARA;31496;31919;32373;32759;33017;33120;33024;32767;32559,375
350330 ARARAS;18097;18184;18311;18414;18452;18415;18279;18070;18277,75
350335 ARCO-IRIS;284;288;294;306;313;323;322;313;305,375
350340 AREALVA;1075;1075;1082;1091;1102;1104;1098;1078;1088,125
350350 AREIAS;607;596;585;580;572;563;552;537;574
350360 AREIOPOLIS;1807;1773;1747;1719;1690;1652;1610;1561;1694,875
350370 ARIRANHA;1191;1157;1121;1090;1051;1013;970;926;1064,875
350380 ARTUR NOGUEIRA;7874;7897;7932;7948;7937;7902;7838;7762;7886,25
350390 ARUJA;13839;13852;13885;13895;13854;13758;13596;13394;13759,125
350395 ASPASIA;226;229;232;242;251;258;257;253;243,5
350400 ASSIS;14276;14320;14374;14394;14356;14246;14038;13746;14218,75
350410 ATIBAIA;21902;22205;22563;22891;23150;23300;23326;23255;22824
350420 AURIFLAMA;1803;1797;1799;1811;1820;1819;1795;1748;1799
350430 AVAI;741;727;724;729;730;724;715;695;723,125
350440 AVANHANDAVA;1783;1762;1744;1719;1691;1655;1606;1553;1689,125
350450 AVARE;13851;13927;14045;14155;14218;14212;14131;13989;14066
350460 BADY BASSITT;3007;3204;3427;3669;3915;4149;4345;4504;3777,5
350470 BALBINOS;206;204;200;198;194;189;186;179;194,5
350480 BALSAMO;1163;1177;1193;1204;1207;1210;1212;1202;1196
350490 BANANAL;1566;1533;1510;1489;1468;1443;1416;1391;1477
350500 BARAO DE ANTONINA;573;575;575;576;572;571;565;559;570,75
350510 BARBOSA;990;971;952;943;929;907;882;850;928
350520 BARIRI;4694;4658;4651;4657;4650;4631;4582;4519;4630,25
350530 BARRA BONITA;4350;4301;4269;4242;4213;4164;4085;3988;4201,5
350535 BARRA DO CHAPEU;945;925;914;903;891;874;861;843;894,5
350540 BARRA DO TURVO;1391;1343;1304;1265;1224;1179;1136;1093;1241,875
350550 BARRETOS;17432;17518;17633;17720;17740;17684;17549;17352;17578,5
350560 BARRINHA;5765;5753;5729;5683;5605;5519;5431;5355;5605
350570 BARUERI;49704;50466;51039;51322;51353;51155;50728;50087;50731,75
350580 BASTOS;3189;3172;3165;3160;3150;3124;3081;3025;3133,25
350590 BATATAIS;8308;8276;8279;8281;8259;8209;8116;7998;8215,75
350600 BAURU;52695;52829;53165;53488;53649;53585;53258;52745;53176,75
350610 BEBEDOURO;10825;10793;10820;10861;10879;10853;10766;10630;10803,375
350620 BENTO DE ABREU;424;424;425;431;432;431;427;413;425,875
350630 BERNARDINO DE CAMPOS;1539;1532;1537;1547;1553;1550;1535;1507;1537,5
350635 BERTIOGA;10740;10836;10906;10923;10887;10828;10762;10724;10825,75
350640 BILAC;875;892;909;932;951;966;965;939;928,625
350650 BIRIGUI;16428;16514;16643;16758;16820;16799;16663;16413;16629,75
350660 BIRITIBA MIRIM;5082;5014;4958;4893;4813;4722;4607;4483;4821,5
350670 BOA ESPERANCA DO SUL;2294;2268;2253;2242;2222;2190;2150;2090;2213,625
350680 BOCAINA;1693;1687;1685;1680;1673;1660;1629;1586;1661,625
350690 BOFETE;1626;1613;1606;1594;1583;1561;1528;1486;1574,625
350700 BOITUVA;9097;9208;9294;9341;9337;9306;9240;9168;9248,875
350710 BOM JESUS DOS PERDOES;3487;3473;3466;3456;3439;3408;3367;3322;3427,25
350715 BOM SUCESSO DE ITARARE;724;713;703;694;687;677;662;648;688,5
350720 BORA;121;125;129;131;137;141;142;137;132,875
350730 BORACEIA;767;769;777;781;777;776;771;762;772,5
350740 BORBOREMA;1991;1965;1948;1929;1904;1875;1831;1770;1901,625
350745 BOREBI;458;463;470;477;483;483;481;471;473,25
350750 BOTUCATU;21007;21074;21129;21124;21022;20845;20600;20324;20890,625
350760 BRAGANCA PAULISTA;23708;23955;24237;24465;24609;24649;24605;24504;24341,5
350770 BRAUNA;787;795;804;816;827;836;839;833;817,125
350775 BREJO ALEGRE;376;373;370;367;365;361;352;339;362,875
350780 BRODOWSKI;3500;3536;3596;3657;3712;3750;3769;3772;3661,5
350790 BROTAS;3517;3501;3492;3485;3459;3428;3383;3340;3450,625
350800 BURI;3872;3847;3830;3805;3768;3720;3662;3605;3763,625
350810 BURITAMA;2400;2410;2419;2416;2402;2375;2336;2275;2379,125
350820 BURITIZAL;626;628;627;628;625;622;618;603;622,125
350830 CABRALIA PAULISTA;694;681;679;671;666;656;646;633;665,75
350840 CABREUVA;8225;8197;8165;8113;8017;7913;7792;7686;8013,5
350850 CACAPAVA;14494;14556;14637;14709;14719;14679;14565;14409;14596
350860 CACHOEIRA PAULISTA;4887;4878;4888;4900;4895;4874;4814;4729;4858,125
350870 CACONDE;2637;2572;2537;2507;2479;2442;2399;2345;2489,75
350880 CAFELANDIA;2482;2481;2491;2502;2504;2491;2465;2422;2479,75
350890 CAIABU;534;529;525;518;513;505;495;477;512
350900 CAIEIRAS;15371;15290;15218;15109;14938;14718;14438;14124;14900,75
350910 CAIUA;615;600;585;579;568;552;537;514;568,75
350920 CAJAMAR;14328;14664;14983;15243;15435;15578;15689;15814;15216,75
350925 CAJATI;5549;5485;5430;5367;5283;5180;5053;4904;5281,375
350930 CAJOBI;1270;1254;1248;1244;1239;1227;1205;1174;1232,625
350940 CAJURU;3860;3830;3797;3754;3698;3630;3549;3459;3697,125
350945 CAMPINA DO MONTE ALEGRE;931;915;911;905;900;891;883;877;901,625
350950 CAMPINAS;160392;160218;160339;160211;159515;158148;156012;153354;158523,625
350960 CAMPO LIMPO PAULISTA;12853;12791;12734;12641;12495;12294;12015;11666;12436,125
350970 CAMPOS DO JORDAO;7797;7688;7627;7572;7498;7394;7239;7049;7483
350980 CAMPOS NOVOS PAULISTA;770;767;769;777;790;793;795;787;781
350990 CANANEIA;2139;2105;2076;2044;2009;1963;1915;1857;2013,5
350995 CANAS;931;927;919;912;899;883;868;854;899,125
351000 CANDIDO MOTA;4429;4391;4365;4335;4293;4233;4147;4050;4280,375
351010 CANDIDO RODRIGUES;324;324;325;328;331;333;333;327;328,125
351015 CANITAR;1031;1046;1068;1094;1118;1141;1157;1165;1102,5
351020 CAPAO BONITO;7978;7864;7788;7710;7610;7481;7322;7139;7611,5
351030 CAPELA DO ALTO;3242;3277;3330;3387;3442;3476;3484;3471;3388,625
351040 CAPIVARI;8135;8057;7992;7922;7823;7703;7558;7404;7824,25
351050 CARAGUATATUBA;20238;20600;20933;21196;21364;21445;21430;21350;21069,5
351060 CARAPICUIBA;67152;66691;66282;65721;64913;63834;62430;60765;64723,5
351070 CARDOSO;1638;1611;1582;1552;1513;1471;1423;1365;1519,375
351080 CASA BRANCA;4000;3972;3962;3948;3925;3886;3830;3756;3909,875
351090 CASSIA DOS COQUEIROS;375;370;367;364;355;349;341;327;356
351100 CASTILHO;3078;3092;3100;3103;3095;3070;3022;2950;3063,75
351110 CATANDUVA;15705;15726;15777;15814;15788;15690;15498;15228;15653,25
351120 CATIGUA;1060;1050;1038;1023;1009;985;959;924;1006
351130 CEDRAL;1396;1464;1536;1605;1675;1735;1783;1822;1627
351140 CERQUEIRA CESAR;3139;3161;3183;3209;3222;3228;3212;3179;3191,625
351150 CERQUILHO;6356;6383;6409;6419;6398;6354;6276;6170;6345,625
351160 CESARIO LANGE;2834;2866;2893;2903;2897;2882;2856;2824;2869,375
351170 CHARQUEADA;2474;2468;2465;2461;2452;2429;2393;2347;2436,125
351190 CLEMENTINA;1266;1257;1239;1214;1187;1155;1126;1096;1192,5
351200 COLINA;2670;2688;2719;2760;2789;2808;2793;2750;2747,125
351210 COLOMBIA;1023;1035;1053;1069;1077;1084;1080;1055;1059,5
351220 CONCHAL;4515;4524;4556;4597;4622;4635;4632;4624;4588,125
351230 CONCHAS;2539;2482;2430;2376;2312;2238;2161;2079;2327,125
351240 CORDEIROPOLIS;3636;3676;3715;3753;3775;3784;3773;3742;3731,75
351250 COROADOS;843;843;842;835;829;816;797;762;820,875
351260 CORONEL MACEDO;730;702;680;658;632;607;582;556;643,375
351270 CORUMBATAI;614;618;624;635;639;645;644;636;631,875
351280 COSMOPOLIS;10019;9877;9737;9570;9368;9144;8903;8671;9411,125
351290 COSMORAMA;1010;1033;1073;1114;1151;1183;1214;1229;1125,875
351300 COTIA;42336;43167;43952;44570;44990;45234;45302;45259;44351,25
351310 CRAVINHOS;5020;4972;4936;4893;4833;4760;4667;4566;4830,875
351320 CRISTAIS PAULISTA;1346;1370;1395;1423;1444;1462;1467;1470;1422,125
351330 CRUZALIA;279;275;271;270;272;267;261;250;268,125
351340 CRUZEIRO;11780;11635;11520;11400;11240;11044;10787;10491;11237,125
351350 CUBATAO;20463;20159;19920;19669;19358;18967;18483;17926;19368,125
351360 CUNHA;3022;2983;2981;2994;3008;3012;2991;2955;2993,25
351370 DESCALVADO;4403;4396;4401;4404;4391;4359;4289;4184;4353,375
351380 DIADEMA;65652;64659;63633;62418;60966;59331;57524;55648;61228,875
351385 DIRCE REIS;217;216;212;209;205;201;198;191;206,125
351390 DIVINOLANDIA;1366;1355;1358;1366;1375;1380;1371;1353;1365,5
351400 DOBRADA;1583;1572;1552;1517;1475;1430;1390;1350;1483,625
351410 DOIS CORREGOS;4173;4129;4079;4015;3931;3836;3731;3630;3940,5
351420 DOLCINOPOLIS;264;262;265;268;269;269;266;259;265,25
351430 DOURADO;1108;1090;1072;1053;1032;1005;980;942;1035,25
351440 DRACENA;5572;5593;5646;5704;5751;5769;5747;5684;5683,25
351450 DUARTINA;1616;1605;1605;1605;1611;1604;1583;1548;1597,125
351460 DUMONT;1362;1364;1368;1369;1372;1368;1362;1355;1365
351470 ECHAPORA;954;951;956;963;969;971;966;951;960,125
351480 ELDORADO;2661;2604;2565;2529;2486;2436;2370;2291;2492,75
351490 ELIAS FAUSTO;2738;2751;2770;2795;2804;2802;2790;2760;2776,25
351492 ELISIARIO;468;470;468;462;456;449;432;411;452
351495 EMBAUBA;326;318;315;312;306;296;290;276;304,875
351500 EMBU DAS ARTES;45569;45256;44964;44550;43971;43193;42185;40987;43834,375
351510 EMBU-GUACU;11426;11384;11361;11317;11239;11106;10896;10613;11167,75
351512 EMILIANOPOLIS;388;384;385;389;393;392;391;383;388,125
351515 ENGENHEIRO COELHO;3266;3282;3295;3293;3277;3254;3239;3244;3268,75
351518 ESPIRITO SANTO DO PINHAL;5427;5337;5276;5217;5146;5051;4935;4796;5148,125
351519 ESPIRITO SANTO DO TURVO;772;761;755;751;743;734;719;704;742,375
351520 ESTRELA D'OESTE;1156;1167;1180;1197;1210;1215;1210;1195;1191,25
351530 ESTRELA DO NORTE;438;437;428;424;418;412;397;383;417,125
351535 EUCLIDES DA CUNHA PAULISTA;1449;1403;1361;1322;1282;1236;1186;1132;1296,375
351540 FARTURA;2422;2420;2424;2426;2415;2401;2372;2337;2402,125
351550 FERNANDOPOLIS;8745;8834;8988;9157;9310;9412;9444;9401;9161,375
351560 FERNANDO PRESTES;757;755;755;753;752;748;736;722;747,25
351565 FERNAO;242;242;245;249;254;258;257;255;250,25
351570 FERRAZ DE VASCONCELOS;31783;31607;31511;31376;31134;30766;30247;29630;31006,75
351580 FLORA RICA;186;184;182;184;186;183;180;170;181,875
351590 FLOREAL;256;256;262;268;275;282;275;264;267,25
351600 FLORIDA PAULISTA;1723;1695;1679;1662;1641;1613;1577;1537;1640,875
351610 FLORINEA;401;398;397;400;404;400;391;374;395,625
351620 FRANCA;52760;52707;52851;52966;52917;52671;52215;51649;52592
351630 FRANCISCO MORATO;31617;31379;31230;31064;30791;30440;30030;29655;30775,75
351640 FRANCO DA ROCHA;24102;24098;24116;24078;23949;23724;23391;22977;23804,375
351650 GABRIEL MONTEIRO;352;355;355;362;361;364;361;348;357,25
351660 GALIA;905;893;884;877;869;855;833;801;864,625
351670 GARCA;6142;6066;6018;5979;5928;5850;5742;5614;5917,375
351680 GASTAO VIDIGAL;591;571;549;523;495;471;445;408;506,625
351685 GAVIAO PEIXOTO;769;772;778;784;789;787;785;777;780,125
351690 GENERAL SALGADO;1403;1397;1400;1404;1402;1389;1359;1308;1382,75
351700 GETULINA;1378;1345;1322;1294;1265;1231;1193;1146;1271,75
351710 GLICERIO;671;656;648;639;632;622;608;587;632,875
351720 GUAICARA;1840;1840;1842;1845;1837;1824;1799;1762;1823,625
351730 GUAIMBE;901;894;888;880;867;853;830;802;864,375
351740 GUAIRA;5773;5730;5693;5657;5608;5536;5456;5373;5603,25
351750 GUAPIACU;2862;2924;2998;3071;3134;3181;3208;3219;3074,625
351760 GUAPIARA;2929;2868;2826;2790;2746;2690;2620;2533;2750,25
351770 GUARA;3365;3273;3188;3097;3000;2898;2794;2702;3039,625
351780 GUARACAI;978;950;932;916;902;876;851;812;902,125
351790 GUARACI;1683;1663;1628;1586;1536;1485;1430;1378;1548,625
351800 GUARANI D'OESTE;279;275;273;271;265;263;257;243;265,75
351810 GUARANTA;1104;1095;1080;1067;1046;1024;999;974;1048,625
351820 GUARARAPES;4445;4439;4438;4432;4414;4373;4291;4168;4375
351830 GUARAREMA;4519;4564;4619;4669;4703;4714;4685;4616;4636,125
351840 GUARATINGUETA;16466;16460;16549;16656;16723;16709;16577;16330;16558,75
351850 GUAREI;1901;1884;1886;1890;1895;1888;1868;1835;1880,875
351860 GUARIBA;6479;6414;6327;6203;6048;5887;5731;5602;6086,375
351870 GUARUJA;50347;49723;49221;48657;47945;47037;45896;44578;47925,5
351880 GUARULHOS;221602;220074;218956;217480;215252;212176;208173;203538;214656,375
351885 GUATAPARA;1252;1240;1232;1221;1200;1180;1153;1118;1199,5
351890 GUZOLANDIA;714;693;680;665;647;627;605;580;651,375
351900 HERCULANDIA;1371;1361;1362;1364;1371;1369;1361;1348;1363,375
351905 HOLAMBRA;2027;2065;2111;2159;2196;2229;2256;2267;2163,75
351907 HORTOLANDIA;36249;36584;36930;37173;37261;37209;37043;36841;36911,25
351910 IACANGA;1563;1560;1564;1567;1558;1549;1533;1509;1550,375
351920 IACRI;905;895;885;878;870;857;836;810;867
351925 IARAS;1014;1015;1011;1005;992;975;963;946;990,125
351930 IBATE;5507;5472;5455;5423;5376;5312;5230;5135;5363,75
351940 IBIRA;1648;1652;1659;1664;1661;1655;1636;1607;1647,75
351950 IBIRAREMA;1023;1003;993;984;977;961;936;902;972,375
351960 IBITINGA;8337;8424;8554;8699;8818;8908;8947;8956;8705,375
351970 IBIUNA;12501;12442;12442;12446;12420;12332;12164;11935;12335,25
351980 ICEM;1153;1132;1111;1089;1061;1032;990;943;1063,875
351990 IEPE;1139;1130;1127;1121;1113;1097;1076;1042;1105,625
352000 IGARACU DO TIETE;3565;3519;3482;3449;3405;3351;3278;3193;3405,25
352010 IGARAPAVA;4232;4166;4107;4041;3963;3874;3768;3660;3976,375
352020 IGARATA;1551;1558;1574;1590;1601;1606;1607;1592;1584,875
352030 IGUAPE;4740;4673;4628;4589;4536;4461;4361;4223;4526,375
352040 ILHABELA;5642;5658;5653;5614;5544;5464;5376;5300;5531,375
352042 ILHA COMPRIDA;1659;1693;1731;1770;1800;1821;1826;1807;1763,375
352044 ILHA SOLTEIRA;3281;3271;3269;3268;3260;3233;3172;3083;3229,625
352050 INDAIATUBA;35218;35696;36197;36613;36892;37034;37039;36978;36458,375
352060 INDIANA;671;681;690;700;714;719;718;707;700
352070 INDIAPORA;493;497;503;506;509;507;504;483;500,25
352080 INUBIA PAULISTA;497;493;490;485;480;473;466;454;479,75
352090 IPAUSSU;2356;2327;2300;2263;2216;2165;2110;2057;2224,25
352100 IPERO;5681;5760;5832;5887;5918;5929;5910;5882;5849,875
352110 IPEUNA;1124;1117;1112;1105;1096;1078;1060;1038;1091,25
352115 IPIGUA;846;884;920;956;981;1006;1026;1033;956,5
352120 IPORANGA;775;762;748;734;718;703;679;648;720,875
352130 IPUA;2340;2302;2277;2252;2221;2186;2144;2101;2227,875
352140 IRACEMAPOLIS;3199;3198;3208;3210;3203;3192;3162;3128;3187,5
352150 IRAPUA;1119;1104;1089;1074;1053;1025;995;958;1052,125
352160 IRAPURU;764;751;748;752;752;746;737;711;745,125
352170 ITABERA;2883;2854;2839;2827;2808;2781;2738;2693;2802,875
352180 ITAI;4179;4176;4184;4191;4184;4169;4122;4058;4157,875
352190 ITAJOBI;1966;2006;2060;2128;2193;2248;2292;2319;2151,5
352200 ITAJU;550;554;566;571;579;583;584;577;570,5
352210 ITANHAEM;17246;17355;17403;17349;17210;17003;16729;16415;17088,75
352215 ITAOCA;528;530;538;546;555;560;559;550;545,75
352220 ITAPECERICA DA SERRA;28782;28586;28399;28137;27763;27268;26618;25837;27673,75
352230 ITAPETININGA;25074;25001;25001;24978;24864;24662;24364;24020;24745,5
352240 ITAPEVA;15585;15397;15269;15143;14975;14759;14476;14159;14970,375
352250 ITAPEVI;42822;42889;42956;42888;42647;42236;41657;40972;42383,375
352260 ITAPIRA;9107;9136;9226;9328;9415;9450;9421;9321;9300,5
352265 ITAPIRAPUA PAULISTA;777;767;763;759;760;755;749;743;759,125
352270 ITAPOLIS;5384;5361;5375;5406;5425;5418;5373;5282;5378
352280 ITAPORANGA;2442;2401;2355;2305;2242;2178;2100;2012;2254,375
352290 ITAPUI;2198;2209;2227;2244;2249;2254;2253;2255;2236,125
352300 ITAPURA;649;635;629;622;612;596;580;555;609,75
352310 ITAQUAQUECETUBA;67271;67316;67467;67485;67245;66735;65919;64899;66792,125
352320 ITARARE;7660;7530;7452;7390;7316;7213;7060;6865;7310,75
352330 ITARIRI;3058;3006;2961;2905;2840;2771;2687;2602;2853,75
352340 ITATIBA;16431;16572;16759;16936;17057;17113;17089;17010;16870,875
352350 ITATINGA;3371;3314;3259;3195;3115;3033;2949;2867;3137,875
352360 ITIRAPINA;2141;2129;2123;2115;2102;2083;2050;2008;2093,875
352370 ITIRAPUA;1010;996;991;983;973;959;942;923;972,125
352380 ITOBI;1178;1173;1169;1170;1164;1156;1144;1132;1160,75
352390 ITU;25713;25750;25863;25960;25970;25867;25624;25278;25753,125
352400 ITUPEVA;10267;10617;10952;11242;11483;11676;11823;11934;11249,25
352410 ITUVERAVA;5412;5345;5309;5287;5253;5205;5134;5049;5249,25
352420 JABORANDI;970;952;932;907;879;851;817;786;886,75
352430 JABOTICABAL;10044;9943;9867;9778;9662;9515;9319;9100;9653,5
352440 JACAREI;36433;36498;36564;36523;36335;36001;35502;34891;36093,375
352450 JACI;1018;1048;1084;1122;1156;1187;1210;1220;1130,625
352460 JACUPIRANGA;2973;2915;2878;2844;2799;2756;2685;2599;2806,125
352470 JAGUARIUNA;8028;8165;8290;8400;8464;8515;8564;8635;8382,625
352480 JALES;6102;6108;6146;6202;6241;6252;6215;6132;6174,75
352490 JAMBEIRO;938;945;959;974;983;993;993;983;971
352500 JANDIRA;20334;20226;20128;19974;19741;19428;19037;18597;19683,125
352510 JARDINOPOLIS;6981;7014;7050;7074;7068;7037;6977;6903;7013
352520 JARINU;5112;5318;5527;5727;5907;6059;6183;6281;5764,25
352530 JAU;19575;19392;19252;19088;18864;18572;18205;17794;18842,75
352540 JERIQUARA;650;657;668;673;676;675;674;667;667,5
352550 JOANOPOLIS;1827;1834;1846;1855;1856;1850;1832;1798;1837,25
352560 JOAO RAMALHO;746;747;748;745;739;735;721;694;734,375
352570 JOSE BONIFACIO;5058;5099;5169;5246;5306;5345;5354;5337;5239,25
352580 JULIO MESQUITA;647;643;651;661;672;678;678;668;662,25
352585 JUMIRIM;442;451;465;479;495;508;516;512;483,5
352590 JUNDIAI;58569;59147;59761;60252;60498;60555;60410;60231;59927,875
352600 JUNQUEIROPOLIS;2606;2625;2651;2668;2677;2680;2657;2616;2647,5
352610 JUQUIA;3066;2998;2949;2912;2869;2810;2730;2623;2869,625
352620 JUQUITIBA;5022;4939;4882;4826;4760;4673;4547;4392;4755,125
352630 LAGOINHA;631;622;621;619;617;610;601;586;613,375
352640 LARANJAL PAULISTA;3821;3811;3825;3844;3858;3853;3826;3779;3827,125
352650 LAVINIA;651;645;640;634;623;612;598;575;622,25
352660 LAVRINHAS;1294;1289;1285;1279;1264;1243;1219;1191;1258
352670 LEME;15615;15509;15393;15231;15002;14736;14447;14182;15014,375
352680 LENCOIS PAULISTA;10091;10075;10080;10082;10043;9972;9857;9718;9989,75
352690 LIMEIRA;41574;41323;41199;41057;40780;40363;39782;39126;40650,5
352700 LINDOIA;1052;1045;1038;1034;1021;1007;991;966;1019,25
352710 LINS;10282;10305;10383;10464;10513;10514;10450;10320;10403,875
352720 LORENA;13150;13055;12997;12942;12845;12703;12511;12294;12812,125
352725 LOURDES;262;259;259;264;267;266;262;254;261,625
352730 LOUVEIRA;7800;8014;8208;8362;8476;8560;8623;8691;8341,75
352740 LUCELIA;2539;2496;2474;2461;2445;2422;2382;2329;2443,5
352750 LUCIANOPOLIS;351;347;342;338;333;326;318;310;333,125
352760 LUIS ANTONIO;2114;2101;2089;2072;2041;2010;1973;1940;2042,5
352770 LUIZIANIA;768;767;771;775;775;774;766;744;767,5
352780 LUPERCIO;693;681;674;665;651;636;618;589;650,875
352790 LUTECIA;404;400;404;404;403;400;393;382;398,75
352800 MACATUBA;2663;2645;2636;2621;2600;2568;2534;2490;2594,625
352810 MACAUBAL;978;972;966;964;962;951;939;918;956,25
352820 MACEDONIA;469;466;468;474;482;484;483;479;475,625
352830 MAGDA;409;411;411;403;398;392;376;354;394,25
352840 MAIRINQUE;7768;7755;7755;7740;7702;7631;7532;7425;7663,5
352850 MAIRIPORA;13552;13685;13901;14131;14333;14451;14443;14295;14098,875
352860 MANDURI;1468;1459;1456;1445;1429;1410;1391;1374;1429
352870 MARABA PAULISTA;526;521;520;517;514;507;496;477;509,75
352880 MARACAI;1930;1913;1902;1903;1895;1880;1852;1801;1884,5
352885 MARAPOAMA;376;387;398;414;432;445;459;464;421,875
352890 MARIAPOLIS;534;525;521;511;503;493;481;462;503,75
352900 MARILIA;32527;32812;33311;33859;34335;34642;34697;34521;33838
352910 MARINOPOLIS;218;211;208;207;204;203;198;187;204,5
352920 MARTINOPOLIS;3418;3403;3409;3420;3423;3411;3377;3317;3397,25
352930 MATAO;10925;10886;10877;10855;10801;10696;10514;10265;10727,375
352940 MAUA;68442;67668;67057;66376;65475;64346;62976;61495;65479,375
352950 MENDONCA;710;736;761;793;821;847;866;887;802,625
352960 MERIDIANO;571;579;587;595;599;604;601;587;590,375
352965 MESOPOLIS;290;291;290;289;284;280;273;266;282,875
352970 MIGUELOPOLIS;3280;3212;3162;3113;3057;2995;2925;2860;3075,5
352980 MINEIROS DO TIETE;1802;1767;1739;1714;1681;1648;1607;1557;1689,375
352990 MIRACATU;3669;3574;3503;3433;3357;3272;3164;3037;3376,125
353000 MIRA ESTRELA;371;374;383;393;402;407;408;398;392
353010 MIRANDOPOLIS;3196;3171;3155;3146;3131;3092;3022;2915;3103,5
353020 MIRANTE DO PARANAPANEMA;2453;2415;2395;2377;2358;2328;2268;2180;2346,75
353030 MIRASSOL;8218;8345;8523;8718;8896;9039;9122;9164;8753,125
353040 MIRASSOLANDIA;664;667;677;683;684;686;683;673;677,125
353050 MOCOCA;9542;9478;9448;9418;9360;9261;9100;8886;9311,625
353060 MOGI DAS CRUZES;70828;71006;71260;71365;71192;70765;70080;69291;70723,375
353070 MOGI GUACU;21632;21748;21927;22091;22181;22179;22078;21912;21968,5
353080 MOGI MIRIM;12709;12707;12746;12778;12769;12705;12568;12366;12668,5
353090 MOMBUCA;609;618;632;648;663;679;686;684;652,375
353100 MONCOES;260;259;260;257;256;255;245;232;253
353110 MONGAGUA;8890;8988;9059;9082;9066;9001;8863;8651;8950
353120 MONTE ALEGRE DO SUL;1059;1070;1077;1086;1091;1086;1078;1062;1076,125
353130 MONTE ALTO;6151;6138;6155;6188;6207;6195;6140;6043;6152,125
353140 MONTE APRAZIVEL;3057;3046;3039;3025;3004;2972;2925;2866;2991,75
353150 MONTE AZUL PAULISTA;2490;2454;2437;2417;2394;2362;2315;2257;2390,75
353160 MONTE CASTELO;507;514;529;554;577;597;608;603;561,125
353170 MONTEIRO LOBATO;663;661;661;659;654;645;632;606;647,625
353180 MONTE MOR;9911;10107;10297;10456;10564;10632;10662;10667;10412
353190 MORRO AGUDO;5152;5059;4963;4853;4723;4579;4434;4292;4756,875
353200 MORUNGABA;1991;2008;2033;2058;2077;2094;2093;2085;2054,875
353205 MOTUCA;659;650;641;631;623;609;591;563;620,875
353210 MURUTINGA DO SUL;458;450;450;453;454;454;447;432;449,75
353215 NANTES;467;462;458;457;449;443;434;421;448,875
353220 NARANDIBA;894;920;948;974;1003;1025;1032;1026;977,75
353230 NATIVIDADE DA SERRA;1023;1025;1031;1032;1034;1022;1012;985;1020,5
353240 NAZARE PAULISTA;2538;2550;2578;2611;2637;2652;2650;2633;2606,125
353250 NEVES PAULISTA;1029;1051;1079;1119;1160;1198;1223;1232;1136,375
353260 NHANDEARA;1225;1215;1212;1208;1200;1181;1151;1104;1187
353270 NIPOA;749;758;769;780;788;790;788;777;774,875
353280 NOVA ALIANCA;929;936;949;957;966;969;967;965;954,75
353282 NOVA CAMPINA;1651;1627;1609;1593;1578;1551;1522;1487;1577,25
353284 NOVA CANAA PAULISTA;221;216;214;212;212;212;210;202;212,375
353286 NOVA CASTILHO;175;178;177;172;171;167;162;152;169,25
353290 NOVA EUROPA;1625;1598;1573;1539;1502;1463;1417;1369;1510,75
353300 NOVA GRANADA;2873;2876;2896;2910;2919;2912;2878;2821;2885,625
353310 NOVA GUATAPORANGA;288;287;291;299;306;312;313;309;300,625
353320 NOVA INDEPENDENCIA;625;634;642;649;651;655;651;645;644
353325 NOVAIS;898;889;870;844;817;784;758;726;823,25
353330 NOVA LUZITANIA;479;461;445;429;416;397;379;364;421,25
353340 NOVA ODESSA;8366;8464;8576;8675;8741;8774;8760;8710;8633,25
353350 NOVO HORIZONTE;5596;5580;5573;5568;5541;5493;5416;5316;5510,375
353360 NUPORANGA;1063;1073;1086;1099;1107;1112;1112;1099;1093,875
353370 OCAUCU;673;677;681;685;688;687;682;670;680,375
353380 OLEO;365;356;352;347;345;337;328;312;342,75
353390 OLIMPIA;8008;8054;8098;8121;8114;8080;8016;7948;8054,875
353400 ONDA VERDE;693;703;712;725;735;739;740;734;722,625
353410 ORIENTE;807;803;809;816;829;833;828;808;816,625
353420 ORINDIUVA;1007;1001;1001;998;993;980;973;950;987,875
353430 ORLANDIA;5678;5598;5542;5492;5426;5334;5214;5067;5418,875
353440 OSASCO;113851;113767;113802;113587;112956;111837;110164;108044;112251
353450 OSCAR BRESSANE;338;334;328;319;308;297;284;263;308,875
353460 OSVALDO CRUZ;3805;3812;3839;3873;3896;3898;3858;3772;3844,125
353470 OURINHOS;15986;15863;15777;15683;15531;15323;15033;14688;15485,5
353475 OUROESTE;1388;1408;1428;1445;1456;1461;1456;1445;1435,875
353480 OURO VERDE;1252;1245;1247;1256;1266;1267;1265;1251;1256,125
353490 PACAEMBU;1355;1341;1327;1315;1299;1276;1247;1200;1295
353500 PALESTINA;1600;1608;1618;1634;1640;1636;1629;1614;1622,375
353510 PALMARES PAULISTA;1824;1781;1733;1680;1622;1561;1496;1436;1641,625
353520 PALMEIRA D'OESTE;1076;1057;1043;1037;1030;1015;995;964;1027,125
353530 PALMITAL;2818;2770;2733;2694;2650;2596;2525;2442;2653,5
353540 PANORAMA;2593;2581;2572;2560;2541;2512;2467;2406;2529
353550 PARAGUACU PAULISTA;6384;6340;6328;6324;6303;6248;6141;5982;6256,25
353560 PARAIBUNA;2673;2650;2647;2653;2652;2639;2609;2557;2635
353570 PARAISO;878;868;860;849;837;821;801;780;836,75
353580 PARANAPANEMA;3138;3139;3168;3204;3232;3247;3243;3216;3198,375
353590 PARANAPUA;520;521;533;549;570;584;595;589;557,625
353600 PARAPUA;1403;1388;1384;1384;1380;1372;1353;1321;1373,125
353610 PARDINHO;1112;1125;1131;1131;1128;1122;1113;1097;1119,875
353620 PARIQUERA-ACU;3147;3128;3118;3107;3086;3051;3000;2919;3069,5
353625 PARISI;334;349;361;376;385;393;399;398;374,375
353630 PATROCINIO PAULISTA;2376;2383;2390;2390;2379;2364;2337;2301;2365
353640 PAULICEIA;1223;1246;1271;1298;1311;1321;1321;1299;1286,25
353650 PAULINIA;16010;16261;16457;16569;16598;16565;16480;16368;16413,5
353657 PAULISTANIA;265;269;275;288;298;309;319;321;293
353660 PAULO DE FARIA;1139;1105;1074;1043;1010;974;940;903;1023,5
353670 PEDERNEIRAS;7046;7023;7009;6972;6912;6827;6710;6566;6883,125
353680 PEDRA BELA;861;861;867;873;879;879;873;863;869,5
353690 PEDRANOPOLIS;336;337;337;332;333;331;324;312;330,25
353700 PEDREGULHO;2550;2520;2493;2465;2428;2382;2327;2265;2428,75
353710 PEDREIRA;5956;5910;5885;5867;5828;5772;5682;5573;5809,125
353715 PEDRINHAS PAULISTA;371;364;361;362;364;360;353;340;359,375
353720 PEDRO DE TOLEDO;1981;1972;1959;1936;1911;1870;1816;1731;1897
353730 PENAPOLIS;8696;8722;8785;8849;8883;8875;8805;8672;8785,875
353740 PEREIRA BARRETO;3662;3618;3578;3535;3485;3418;3329;3217;3480,25
353750 PEREIRAS;1347;1357;1368;1379;1380;1379;1363;1342;1364,375
353760 PERUIBE;10849;10797;10738;10642;10498;10321;10102;9858;10475,625
353770 PIACATU;798;793;787;775;761;747;730;707;762,25
353780 PIEDADE;8188;8110;8058;7995;7908;7791;7638;7454;7892,75
353790 PILAR DO SUL;4460;4432;4426;4426;4410;4379;4321;4239;4386,625
353800 PINDAMONHANGABA;25619;25704;25877;26038;26117;26093;25930;25669;25880,875
353810 PINDORAMA;2053;2029;2004;1973;1934;1892;1838;1774;1937,125
353820 PINHALZINHO;2034;2042;2050;2048;2044;2032;2008;1972;2028,75
353830 PIQUEROBI;464;453;446;443;439;428;415;400;436
353850 PIQUETE;1870;1828;1795;1761;1722;1677;1616;1538;1725,875
353860 PIRACAIA;3658;3621;3600;3580;3546;3503;3439;3359;3538,25
353870 PIRACICABA;58589;58961;59395;59688;59749;59579;59176;58641;59222,25
353880 PIRAJU;4279;4250;4246;4244;4230;4201;4144;4065;4207,375
353890 PIRAJUI;2879;2851;2823;2791;2747;2695;2643;2594;2752,875
353900 PIRANGI;1377;1383;1396;1411;1424;1430;1423;1410;1406,75
353910 PIRAPORA DO BOM JESUS;3343;3349;3369;3383;3386;3381;3359;3319;3361,125
353920 PIRAPOZINHO;3632;3624;3634;3650;3657;3649;3613;3561;3627,5
353930 PIRASSUNUNGA;10537;10519;10522;10513;10470;10376;10242;10072;10406,375
353940 PIRATININGA;1979;2037;2103;2168;2241;2287;2313;2295;2177,875
353950 PITANGUEIRAS;6054;5929;5821;5712;5586;5450;5304;5170;5628,25
353960 PLANALTO;751;734;718;702;683;659;637;614;687,25
353970 PLATINA;532;523;515;512;501;493;480;465;502,625
353980 POA;17713;17468;17245;16992;16680;16299;15826;15276;16687,375
353990 POLONI;827;825;822;815;807;791;777;759;802,875
354000 POMPEIA;2834;2830;2840;2860;2865;2854;2815;2737;2829,375
354010 PONGAI;405;408;411;415;417;418;412;396;410,25
354020 PONTAL;7316;7149;6976;6783;6565;6341;6119;5933;6647,75
354025 PONTALINDA;679;677;673;669;663;658;644;625;661
354030 PONTES GESTAL;351;349;353;354;352;348;344;329;347,5
354040 POPULINA;578;575;569;565;555;540;522;494;549,75
354050 PORANGABA;1323;1333;1347;1364;1378;1384;1381;1370;1360
354060 PORTO FELIZ;8047;8088;8156;8211;8240;8231;8169;8053;8149,375
354070 PORTO FERREIRA;7976;7885;7791;7681;7537;7375;7194;7002;7555,125
354075 POTIM;3274;3250;3228;3206;3172;3123;3062;2993;3163,5
354080 POTIRENDABA;2437;2491;2548;2608;2656;2693;2712;2711;2607
354085 PRACINHA;231;229;223;219;211;204;192;181;211,25
354090 PRADOPOLIS;2880;2833;2780;2716;2642;2559;2472;2383;2658,125
354100 PRAIA GRANDE;51719;52356;52857;53104;53089;52909;52593;52290;52614,625
354105 PRATANIA;847;849;855;863;868;865;858;843;856
354110 PRESIDENTE ALVES;583;578;574;570;564;553;538;518;559,75
354120 PRESIDENTE BERNARDES;1507;1492;1494;1501;1510;1504;1477;1430;1489,375
354130 PRESIDENTE EPITACIO;6286;6185;6114;6046;5963;5856;5707;5509;5958,25
354140 PRESIDENTE PRUDENTE;30838;30841;30994;31175;31276;31248;31062;30770;31025,5
354150 PRESIDENTE VENCESLAU;4696;4636;4604;4586;4561;4505;4415;4283;4535,75
354160 PROMISSAO;5611;5539;5489;5438;5368;5280;5166;5032;5365,375
354165 QUADRA;578;571;563;553;539;524;504;484;539,5
354170 QUATA;2146;2138;2137;2128;2116;2092;2053;1994;2100,5
354180 QUEIROZ;549;550;554;557;557;552;545;532;549,5
354190 QUELUZ;1659;1613;1572;1544;1510;1476;1440;1397;1526,375
354200 QUINTANA;950;968;995;1030;1066;1092;1112;1119;1041,5
354210 RAFARD;1355;1348;1352;1358;1360;1353;1348;1340;1351,75
354220 RANCHARIA;4235;4214;4228;4250;4270;4262;4220;4135;4226,75
354230 REDENCAO DA SERRA;652;649;650;644;635;629;614;598;633,875
354240 REGENTE FEIJO;2843;2851;2858;2863;2862;2848;2819;2778;2840,25
354250 REGINOPOLIS;871;873;864;853;836;815;787;750;831,125
354260 REGISTRO;9642;9613;9616;9605;9565;9480;9325;9111;9494,625
354270 RESTINGA;1235;1211;1187;1158;1131;1095;1056;1005;1134,75
354280 RIBEIRA;558;543;535;520;509;498;483;469;514,375
354290 RIBEIRAO BONITO;1976;1925;1871;1818;1761;1698;1630;1557;1779,5
354300 RIBEIRAO BRANCO;3522;3476;3454;3441;3415;3384;3339;3286;3414,625
354310 RIBEIRAO CORRENTE;813;817;820;815;811;800;786;762;803
354320 RIBEIRAO DO SUL;633;634;637;645;647;648;646;637;640,875
354323 RIBEIRAO DOS INDIOS;253;247;247;245;247;242;239;230;243,75
354325 RIBEIRAO GRANDE;1202;1185;1168;1153;1129;1108;1081;1046;1134
354330 RIBEIRAO PIRES;16733;16607;16535;16444;16306;16088;15759;15310;16222,75
354340 RIBEIRAO PRETO;94640;95187;95816;96239;96281;96000;95445;94891;95562,375
354350 RIVERSUL;972;955;947;936;922;907;885;863;923,375
354360 RIFAINA;543;544;551;559;569;573;573;566;559,75
354370 RINCAO;1603;1560;1518;1479;1433;1386;1334;1273;1448,25
354380 RINOPOLIS;1312;1291;1278;1265;1248;1231;1207;1174;1250,75
354390 RIO CLARO;28137;28195;28308;28382;28353;28203;27913;27525;28127
354400 RIO DAS PEDRAS;5205;5180;5158;5126;5078;5012;4928;4832;5064,875
354410 RIO GRANDE DA SERRA;7818;7713;7611;7492;7346;7180;6981;6763;7363
354420 RIOLANDIA;1479;1432;1392;1351;1308;1264;1216;1171;1326,625
354425 ROSANA;2751;2689;2648;2614;2574;2527;2452;2349;2575,5
354430 ROSEIRA;1733;1743;1756;1762;1761;1753;1731;1694;1741,625
354440 RUBIACEA;454;454;456;461;461;459;454;436;454,375
354450 RUBINEIA;397;406;417;439;455;469;480;482;443,125
354460 SABINO;753;742;729;719;701;681;660;632;702,125
354470 SAGRES;353;357;363;366;372;374;375;370;366,25
354480 SALES;889;894;891;889;882;869;850;824;873,5
354490 SALES OLIVEIRA;1606;1604;1604;1606;1598;1589;1568;1544;1589,875
354500 SALESOPOLIS;2536;2485;2447;2415;2375;2329;2277;2219;2385,375
354510 SALMOURAO;723;717;720;726;735;733;727;716;724,625
354515 SALTINHO;985;997;1013;1027;1043;1053;1054;1051;1027,875
354520 SALTO;18493;18830;19240;19651;20003;20277;20460;20588;19692,75
354530 SALTO DE PIRAPORA;6919;6906;6889;6846;6777;6678;6548;6384;6743,375
354540 SALTO GRANDE;1401;1386;1383;1383;1380;1371;1350;1319;1371,625
354550 SANDOVALINA;668;660;656;647;639;628;612;587;637,125
354560 SANTA ADELIA;2080;2053;2032;2011;1982;1945;1899;1842;1980,5
354570 SANTA ALBERTINA;784;800;824;849;875;898;910;908;856
354580 SANTA BARBARA D'OESTE;25874;25791;25828;25874;25854;25705;25370;24862;25644,75
354600 SANTA BRANCA;2065;2029;2001;1973;1941;1901;1860;1809;1947,375
354610 SANTA CLARA D'OESTE;308;319;333;353;368;383;397;409;358,75
354620 SANTA CRUZ DA CONCEICAO;584;569;559;546;535;518;498;469;534,75
354625 SANTA CRUZ DA ESPERANCA;345;344;344;339;332;326;319;302;331,375
354630 SANTA CRUZ DAS PALMEIRAS;4804;4722;4649;4576;4485;4384;4268;4144;4504
354640 SANTA CRUZ DO RIO PARDO;7091;7068;7063;7051;7017;6955;6868;6760;6984,125
354650 SANTA ERNESTINA;933;926;920;919;913;907;897;895;913,75
354660 SANTA FE DO SUL;4114;4200;4321;4455;4581;4689;4761;4797;4489,75
354670 SANTA GERTRUDES;3948;3942;3932;3920;3889;3845;3785;3717;3872,25
354680 SANTA ISABEL;8469;8410;8370;8322;8244;8130;7973;7779;8212,125
354690 SANTA LUCIA;1278;1246;1211;1176;1142;1101;1056;999;1151,125
354700 SANTA MARIA DA SERRA;948;933;922;904;889;871;850;825;892,75
354710 SANTA MERCEDES;454;451;454;457;460;462;456;442;454,5
354720 SANTANA DA PONTE PENSA;173;178;179;179;177;176;173;161;174,5
354730 SANTANA DE PARNAIBA;23047;23617;24165;24629;24989;25244;25369;25400;24557,5
354740 SANTA RITA D'OESTE;268;270;278;291;302;312;324;322;295,875
354750 SANTA RITA DO PASSA QUATRO;3235;3193;3160;3133;3092;3039;2959;2859;3083,75
354760 SANTA ROSA DE VITERBO;3508;3483;3452;3416;3368;3306;3225;3122;3360
354765 SANTA SALETE;177;180;185;191;194;198;202;196;190,375
354770 SANTO ANASTACIO;2537;2479;2443;2420;2391;2351;2299;2232;2394
354780 SANTO ANDRE;100264;100276;100366;100239;99725;98857;97604;96154;99185,625
354790 SANTO ANTONIO DA ALEGRIA;966;971;982;994;1004;1008;1011;1005;992,625
354800 SANTO ANTONIO DE POSSE;3575;3577;3586;3593;3588;3565;3535;3494;3564,125
354805 SANTO ANTONIO DO ARACANGUA;1196;1205;1214;1225;1230;1226;1212;1181;1211,125
354810 SANTO ANTONIO DO JARDIM;839;830;828;830;826;821;808;793;821,875
354820 SANTO ANTONIO DO PINHAL;1030;1023;1022;1023;1020;1012;992;969;1011,375
354830 SANTO EXPEDITO;386;386;392;397;402;406;411;404;398
354840 SANTOPOLIS DO AGUAPEI;694;681;671;661;646;630;608;585;647
354850 SANTOS;51683;51282;50954;50546;49965;49167;48082;46743;49802,75
354860 SAO BENTO DO SAPUCAI;1570;1570;1577;1578;1580;1568;1548;1514;1563,125
354870 SAO BERNARDO DO CAMPO;120565;119814;119022;117878;116263;114185;111584;108598;115988,625
354880 SAO CAETANO DO SUL;18553;18875;19245;19602;19907;20080;20055;19783;19512,5
354890 SAO CARLOS;34293;34526;34862;35165;35346;35389;35275;35070;34990,75
354900 SAO FRANCISCO;343;333;327;322;313;309;300;286;316,625
354910 SAO JOAO DA BOA VISTA;11787;11836;11949;12080;12178;12226;12202;12113;12046,375
354920 SAO JOAO DAS DUAS PONTES;332;330;330;335;335;332;330;324;331
354925 SAO JOAO DE IRACEMA;261;264;267;269;271;270;270;264;267
354930 SAO JOAO DO PAU D'ALHO;245;250;255;262;269;272;274;269;262
354940 SAO JOAQUIM DA BARRA;7273;7228;7180;7117;7026;6917;6770;6613;7015,5
354950 SAO JOSE DA BELA VISTA;1508;1465;1426;1381;1330;1282;1233;1192;1352,125
354960 SAO JOSE DO BARREIRO;642;625;616;614;605;597;587;569;606,875
354970 SAO JOSE DO RIO PARDO;7199;7200;7241;7296;7338;7339;7281;7160;7256,75
354980 SAO JOSE DO RIO PRETO;61006;61837;62827;63754;64455;64904;65084;65148;63626,875
354990 SAO JOSE DOS CAMPOS;106408;106525;106777;106815;106450;105647;104321;102639;105697,75
354995 SAO LOURENCO DA SERRA;2445;2450;2463;2476;2485;2478;2456;2416;2458,625
355000 SAO LUIS DO PARAITINGA;1341;1324;1317;1317;1311;1300;1281;1246;1304,625
355010 SAO MANUEL;5770;5708;5665;5626;5571;5494;5372;5225;5553,875
355020 SAO MIGUEL ARCANJO;5493;5431;5381;5330;5259;5173;5054;4920;5255,125
355030 SAO PAULO;1731135;1714483;1701224;1685042;1663353;1635383;1601075;1565073;1662096
355040 SAO PEDRO;5044;5082;5136;5187;5220;5236;5212;5159;5159,5
355050 SAO PEDRO DO TURVO;1178;1168;1170;1176;1178;1173;1165;1146;1169,25
355060 SAO ROQUE;11781;11767;11807;11850;11859;11798;11630;11348;11730
355070 SAO SEBASTIAO;13919;13904;13888;13842;13733;13581;13362;13108;13667,125
355080 SAO SEBASTIAO DA GRAMA;1634;1586;1542;1502;1460;1411;1361;1310;1475,75
355090 SAO SIMAO;2061;2014;1962;1905;1840;1777;1708;1629;1862
355100 SAO VICENTE;53799;53121;52559;51920;51121;50102;48801;47252;51084,375
355110 SARAPUI;1638;1641;1647;1652;1647;1635;1613;1577;1631,25
355120 SARUTAIA;585;573;565;558;552;543;536;527;554,875
355130 SEBASTIANOPOLIS DO SUL;420;429;438;444;452;453;453;442;441,375
355140 SERRA AZUL;1624;1599;1574;1544;1507;1467;1427;1387;1516,125
355150 SERRANA;7586;7578;7548;7481;7376;7252;7109;6969;7362,375
355160 SERRA NEGRA;3682;3698;3730;3766;3790;3801;3792;3762;3752,625
355170 SERTAOZINHO;19083;19227;19373;19467;19476;19416;19283;19125;19306,25
355180 SETE BARRAS;2406;2362;2333;2305;2266;2221;2163;2097;2269,125
355190 SEVERINIA;2482;2436;2401;2368;2327;2279;2226;2165;2335,5
355200 SILVEIRAS;962;956;952;954;945;937;926;910;942,75
355210 SOCORRO;5135;5134;5145;5153;5145;5118;5063;4977;5108,75
355220 SOROCABA;99923;101266;102860;104338;105456;106201;106577;106825;104180,75
355230 SUD MENNUCCI;1116;1106;1101;1104;1098;1089;1077;1052;1092,875
355240 SUMARE;44579;44781;44896;44826;44543;44104;43520;42903;44269
355250 SUZANO;49484;49724;50080;50353;50448;50339;50003;49520;49993,875
355255 SUZANAPOLIS;519;511;505;497;488;476;464;446;488,25
355260 TABAPUA;1593;1584;1570;1546;1517;1483;1439;1383;1514,375
355270 TABATINGA;2330;2322;2329;2343;2350;2349;2333;2309;2333,125
355280 TABOAO DA SERRA;45013;44800;44498;44014;43337;42506;41554;40550;43284
355290 TACIBA;955;965;975;992;1006;1014;1013;1002;990,25
355300 TAGUAI;2068;2082;2096;2103;2100;2088;2072;2063;2084
355310 TAIACU;818;809;809;812;813;808;800;788;807,125
355320 TAIUVA;703;707;716;725;736;739;740;729;724,375
355330 TAMBAU;3393;3354;3330;3297;3253;3201;3128;3034;3248,75
355340 TANABI;3309;3347;3398;3463;3513;3540;3541;3506;3452,125
355350 TAPIRAI;1460;1438;1421;1404;1386;1359;1325;1289;1385,25
355360 TAPIRATIBA;1658;1630;1613;1598;1581;1554;1518;1464;1577
355365 TAQUARAL;387;375;370;362;351;340;332;317;354,25
355370 TAQUARITINGA;7926;7814;7721;7624;7498;7355;7170;6961;7508,625
355380 TAQUARITUBA;3591;3567;3555;3541;3512;3474;3427;3373;3505
355385 TAQUARIVAI;1113;1123;1139;1158;1171;1181;1195;1213;1161,625
355390 TARABAI;1079;1062;1054;1046;1038;1023;1005;977;1035,5
355395 TARUMA;2460;2478;2493;2499;2493;2475;2441;2387;2465,75
355400 TATUI;18945;19020;19127;19200;19205;19143;19011;18856;19063,375
355410 TAUBATE;45603;45691;45842;45911;45809;45520;45017;44361;45469,25
355420 TEJUPA;783;754;737;717;695;677;653;628;705,5
355430 TEODORO SAMPAIO;3740;3729;3744;3764;3775;3766;3729;3656;3737,875
355440 TERRA ROXA;1280;1251;1223;1196;1165;1133;1098;1058;1175,5
355450 TIETE;5687;5630;5577;5513;5424;5321;5206;5082;5430
355460 TIMBURI;382;375;364;355;342;330;319;298;345,625
355465 TORRE DE PEDRA;293;286;283;282;281;279;275;271;281,25
355470 TORRINHA;1282;1285;1298;1310;1321;1319;1314;1294;1302,875
355475 TRABIJU;268;268;265;264;256;252;244;233;256,25
355480 TREMEMBE;6760;6817;6877;6921;6934;6916;6860;6762;6855,875
355490 TRES FRONTEIRAS;814;839;866;889;916;934;945;944;893,375
355495 TUIUTI;851;860;872;879;884;884;881;861;871,5
355500 TUPA;8516;8486;8505;8533;8540;8511;8418;8277;8473,25
355510 TUPI PAULISTA;1582;1608;1641;1676;1711;1731;1736;1722;1675,875
355520 TURIUBA;244;244;241;245;244;243;236;227;240,5
355530 TURMALINA;152;149;144;145;145;149;147;146;147,125
355535 UBARANA;959;949;937;922;907;892;872;850;911
355540 UBATUBA;14187;14251;14366;14479;14541;14563;14528;14475;14423,75
355550 UBIRAJARA;830;845;861;870;878;883;885;881;866,625
355560 UCHOA;1359;1365;1372;1377;1371;1365;1348;1317;1359,25
355570 UNIAO PAULISTA;267;265;267;265;267;268;269;267;266,875
355580 URANIA;1135;1125;1127;1130;1132;1123;1108;1083;1120,375
355590 URU;175;179;185;190;196;198;201;199;190,375
355600 URUPES;1640;1648;1666;1689;1709;1720;1719;1707;1687,25
355610 VALENTIM GENTIL;1845;1887;1943;2000;2052;2096;2133;2153;2013,625
355620 VALINHOS;16021;16144;16291;16409;16471;16460;16363;16185;16293
355630 VALPARAISO;3630;3643;3651;3648;3629;3592;3528;3442;3595,375
355635 VARGEM;1488;1513;1551;1586;1619;1645;1660;1669;1591,375
355640 VARGEM GRANDE DO SUL;6221;6160;6115;6076;6020;5945;5847;5745;6016,125
355645 VARGEM GRANDE PAULISTA;8220;8241;8250;8235;8182;8099;7983;7835;8130,625
355650 VARZEA PAULISTA;19140;19080;19032;18934;18764;18523;18207;17856;18692
355660 VERA CRUZ;1473;1451;1438;1432;1421;1399;1368;1326;1413,5
355670 VINHEDO;10324;10454;10586;10693;10756;10764;10694;10542;10601,625
355680 VIRADOURO;2707;2690;2681;2672;2655;2627;2587;2547;2645,75
355690 VISTA ALEGRE DO ALTO;1180;1204;1234;1262;1289;1310;1320;1324;1265,375
355695 VITORIA BRASIL;252;247;241;237;232;223;220;212;233
355700 VOTORANTIM;19637;19730;19850;19922;19914;19844;19723;19608;19778,5
355710 VOTUPORANGA;11887;12057;12308;12572;12806;12984;13086;13134;12604,25
355715 ZACARIAS;392;395;400;397;396;390;386;370;390,75
355720 CHAVANTES;1985;1977;1967;1959;1943;1921;1886;1830;1933,5
355730 ESTIVA GERBI;1649;1656;1673;1693;1706;1715;1716;1704;1689
