Município;POP10;POP11A59;POP60;POP_GERAL
350010 ADAMANTINA;4246;23904,125;7418,5;35568,625
350020 ADOLFO;583,125;2801;825,25;4209,375
350030 AGUAI;5154,5;23060;5072,25;33286,75
350040 AGUAS DA PRATA;950;4819,375;1857,375;7626,75
350050 AGUAS DE LINDOIA;2255,25;12329,75;3653,875;18238,875
350055 AGUAS DE SANTA BARBARA;1016,375;4542,5;1354,125;6913
350060 AGUAS DE SAO PEDRO;284,125;1702;854,75;2840,875
350070 AGUDOS;5949,625;26421,375;5727,75;38098,75
350075 ALAMBARI;964,625;4028,875;939,25;5932,75
350080 ALFREDO MARCONDES;560,875;2848,375;963;4372,25
350090 ALTAIR;574,125;2517,625;545,5;3637,25
350100 ALTINOPOLIS;2420,625;11419,875;3008,25;16848,75
350110 ALTO ALEGRE;468,875;2568,875;973,375;4011,125
350115 ALUMINIO;2837,125;12555,875;2263,25;17656,25
350120 ALVARES FLORENCE;430,875;2523,625;1042,5;3997
350130 ALVARES MACHADO;4071,125;18504,375;4330,75;26906,25
350140 ALVARO DE CARVALHO;522;3780,75;589,5;4892,25
350150 ALVINLANDIA;467,375;2043,25;485,375;2996
350160 AMERICANA;31099,625;167615,125;39978,875;238693,625
350170 AMERICO BRASILIENSE;5378;25266,375;4135,875;34780,25
350180 AMERICO DE CAMPOS;725,125;3963,375;1286,875;5975,375
350190 AMPARO;8948,875;48110,375;12607,875;69667,125
350200 ANALANDIA;727,625;3105,125;779,25;4612
350210 ANDRADINA;8011,5;41418;10931,625;60361,125
350220 ANGATUBA;3818,75;16560,625;3702,625;24082
350230 ANHEMBI;955,125;3947,75;918,625;5821,5
350240 ANHUMAS;592,5;2733,125;706,5;4032,125
350250 APARECIDA;4796,625;23862,625;5808,125;34467,375
350260 APARECIDA D'OESTE;491,875;2771,875;1013,75;4277,5
350270 APIAI;4069,625;17760,875;3670,625;25501,125
350275 ARACARIGUAMA;3815,875;14608;2299,875;20723,75
350280 ARACATUBA;27072,625;140081,5;35516,375;202670,5
350290 ARACOIABA DA SERRA;4444,125;21725,25;5971,375;32140,75
350300 ARAMINA;760,25;3715,625;1009,25;5485,125
350310 ARANDU;1081,625;4632,5;1086,25;6800,375
350315 ARAPEI;332,625;1636,125;450,375;2419,125
350320 ARARAQUARA;32559,375;168714,375;40660,125;241933,875
350330 ARARAS;18277,75;92372,5;21534,75;132185
350335 ARCO-IRIS;305,375;1345,875;403,375;2054,625
350340 AREALVA;1088,125;5293;1880,875;8262
350350 AREIAS;574;2512,25;594,75;3681
350360 AREIOPOLIS;1694,875;7590,5;1230,125;10515,5
350370 ARIRANHA;1064,875;5554;1460,375;8079,25
350380 ARTUR NOGUEIRA;7886,25;36403,625;6704,125;50994
350390 ARUJA;13759,125;61818,5;10805,125;86382,75
350395 ASPASIA;243,5;1212,25;398,125;1853,875
350400 ASSIS;14218,75;71490,25;17742,5;103451,5
350410 ATIBAIA;22824;106895,125;24775,375;154494,5
350420 AURIFLAMA;1799;9627,5;2750,125;14176,625
350430 AVAI;723,125;3196,625;771;4690,75
350440 AVANHANDAVA;1689,125;8415,875;1495,25;11600,25
350450 AVARE;14066;64495,125;14626,625;93187,75
350460 BADY BASSITT;3777,5;17041,875;3008,75;23828,125
350470 BALBINOS;194,5;3520,125;309,25;4023,875
350480 BALSAMO;1196;6436,125;1748,875;9381
350490 BANANAL;1477;6983,5;1827,5;10288
350500 BARAO DE ANTONINA;570,75;2273,125;645;3488,875
350510 BARBOSA;928;4060,875;1027,875;6016,75
350520 BARIRI;4630,25;22072,25;5962,5;32665
350530 BARRA BONITA;4201,5;24933,5;6731,875;35866,875
350535 BARRA DO CHAPEU;894,5;3682,75;734,625;5311,875
350540 BARRA DO TURVO;1241,875;4761,75;1291,875;7295,5
350550 BARRETOS;17578,5;86262,625;20036,5;123877,625
350560 BARRINHA;5605;23301,875;3356,375;32263,25
350570 BARUERI;50731,75;222520;31634,125;304885,875
350580 BASTOS;3133,25;14964,625;3667,125;21765
350590 BATATAIS;8215,75;40876,75;10692,875;59785,375
350600 BAURU;53176,75;267526,625;61417,125;382120,5
350610 BEBEDOURO;10803,375;53849,375;13783,875;78436,625
350620 BENTO DE ABREU;425,875;1830;415,75;2671,625
350630 BERNARDINO DE CAMPOS;1537,5;7920;2154,5;11612
350635 BERTIOGA;10825,75;43379,875;6869,625;61075,25
350640 BILAC;928,625;4969,25;1509,5;7407,375
350650 BIRIGUI;16629,75;84312,125;19448;120389,875
350660 BIRITIBA MIRIM;4821,5;21141,875;4569,625;30533
350670 BOA ESPERANCA DO SUL;2213,625;9340;1938,75;13492,375
350680 BOCAINA;1661,625;7961,875;1821,625;11445,125
350690 BOFETE;1574,625;6934,125;2051;10559,75
350700 BOITUVA;9248,875;41644;8271,125;59164
350710 BOM JESUS DOS PERDOES;3427,25;15518,5;2933,625;21879,375
350715 BOM SUCESSO DE ITARARE;688,5;2561;382,125;3631,625
350720 BORA;132,875;594;152,125;879
350730 BORACEIA;772,5;3221,625;701,375;4695,5
350740 BORBOREMA;1901,625;9957,125;2862,5;14721,25
350745 BOREBI;473,25;1828,125;354,625;2656
350750 BOTUCATU;20890,625;100812,125;23673,75;145376,5
350760 BRAGANCA PAULISTA;24341,5;122779;27170,125;174290,625
350770 BRAUNA;817,125;3541,375;1023;5381,5
350775 BREJO ALEGRE;362,875;1800,125;464,25;2627,25
350780 BRODOWSKI;3661,5;17241,25;3851,125;24753,875
350790 BROTAS;3450,625;16482;3937,25;23869,875
350800 BURI;3763,625;14005;2517,875;20286,5
350810 BURITAMA;2379,125;11525,5;3268;17172,625
350820 BURITIZAL;622,125;2944;821,375;4387,5
350830 CABRALIA PAULISTA;665,75;3062,125;684;4411,875
350840 CABREUVA;8013,5;33832,625;5236;47082,125
350850 CACAPAVA;14596;67074,875;14698,25;96369,125
350860 CACHOEIRA PAULISTA;4858,125;22080,125;5324,75;32263
350870 CACONDE;2489,75;11875,875;3478,875;17844,5
350880 CAFELANDIA;2479,75;11469,75;3069,875;17019,375
350890 CAIABU;512;2599,75;777,75;3889,5
350900 CAIEIRAS;14900,75;69620,375;11844,5;96365,625
350910 CAIUA;568,75;3982,875;890,25;5441,875
350920 CAJAMAR;15216,75;63424,75;7951,25;86592,75
350925 CAJATI;5281,375;20395,875;3953,5;29630,75
350930 CAJOBI;1232,625;6500,625;1793,25;9526,5
350940 CAJURU;3697,125;16836,875;3813,25;24347,25
350945 CAMPINA DO MONTE ALEGRE;901,625;4092,5;976,625;5970,75
350950 CAMPINAS;158523,625;829194;191120,625;1178838,25
350960 CAMPO LIMPO PAULISTA;12436,125;56127,625;10985,75;79549,5
350970 CAMPOS DO JORDAO;7483;34913,25;6461,125;48857,375
350980 CAMPOS NOVOS PAULISTA;781;3301,25;819,25;4901,5
350990 CANANEIA;2013,5;8489,875;2137,25;12640,625
350995 CANAS;899,125;3403,875;592,875;4895,875
351000 CANDIDO MOTA;4280,375;20832,75;5541,75;30654,875
351010 CANDIDO RODRIGUES;328,125;1926,125;645,625;2899,875
351015 CANITAR;1102,5;4139,875;603,5;5845,875
351020 CAPAO BONITO;7611,5;33445;6958,125;48014,625
351030 CAPELA DO ALTO;3388,625;15547,75;2790,75;21727,125
351040 CAPIVARI;7824,25;36237;7340,5;51401,75
351050 CARAGUATATUBA;21069,5;89209,5;19053,125;129332,125
351060 CARAPICUIBA;64723,5;286506,75;47046,875;398277,125
351070 CARDOSO;1519,375;7677,125;2633,5;11830
351080 CASA BRANCA;3909,875;20201,5;5001,875;29113,25
351090 CASSIA DOS COQUEIROS;356;1886,5;595,125;2837,625
351100 CASTILHO;3063,75;13531,5;3361,375;19956,625
351110 CATANDUVA;15653,25;81970,875;21738,875;119363
351120 CATIGUA;1006;5054,875;1167,5;7228,375
351130 CEDRAL;1627;7859,25;1887,625;11373,875
351140 CERQUEIRA CESAR;3191,625;14430;3143,5;20765,125
351150 CERQUILHO;6345,625;31485,75;7001,375;44832,75
351160 CESARIO LANGE;2869,375;12952,625;2663,625;18485,625
351170 CHARQUEADA;2436,125;11003;2344,875;15784
351190 CLEMENTINA;1192,5;4947,125;1057,125;7196,75
351200 COLINA;2747,125;12852,125;3008,5;18607,75
351210 COLOMBIA;1059,5;4577,625;976,125;6613,25
351220 CONCHAL;4588,125;19938,875;3658,875;28185,875
351230 CONCHAS;2327,125;10621,875;3014,75;15963,75
351240 CORDEIROPOLIS;3731,75;17052,875;3263,5;24048,125
351250 COROADOS;820,875;3752,25;944,25;5517,375
351260 CORONEL MACEDO;643,375;3073,25;864,5;4581,125
351270 CORUMBATAI;631,875;2909,125;643;4184
351280 COSMOPOLIS;9411,125;44089,25;8234,5;61734,875
351290 COSMORAMA;1125,875;5565,5;1714,375;8405,75
351300 COTIA;44351,25;187202;29169;260722,25
351310 CRAVINHOS;4830,875;24063,375;5223,875;34118,125
351320 CRISTAIS PAULISTA;1422,125;6210,5;1376;9008,625
351330 CRUZALIA;268,125;1462,25;463,75;2194,125
351340 CRUZEIRO;11237,125;53705,25;13326,75;78269,125
351350 CUBATAO;19368,125;85209;14141,75;118718,875
351360 CUNHA;2993,25;15469,375;4050;22512,625
351370 DESCALVADO;4353,375;22570,875;5840,25;32764,5
351380 DIADEMA;61228,875;298860,25;48270;408359,125
351385 DIRCE REIS;206,125;1101;371,125;1678,25
351390 DIVINOLANDIA;1365,5;7769,5;2339;11474
351400 DOBRADA;1483,625;6298,25;1023,625;8805,5
351410 DOIS CORREGOS;3940,5;17162;4167,25;25269,75
351420 DOLCINOPOLIS;265,25;1487,875;470,625;2223,75
351430 DOURADO;1035,25;5782,5;1642;8459,75
351440 DRACENA;5683,25;31432,875;9175,375;46291,5
351450 DUARTINA;1597,125;8408;2618,625;12623,75
351460 DUMONT;1365;6717,5;1228,375;9310,875
351470 ECHAPORA;960,125;4244,75;1158,375;6363,25
351480 ELDORADO;2492,75;9212,375;2130,75;13835,875
351490 ELIAS FAUSTO;2776,25;12390,875;2377,5;17544,625
351492 ELISIARIO;452;2199,75;562,25;3214
351495 EMBAUBA;304,875;1627,125;475,5;2407,5
351500 EMBU DAS ARTES;43834,375;188178,5;27652,125;259665
351510 EMBU-GUACU;11167,75;48040;8946,75;68154,5
351512 EMILIANOPOLIS;388,125;2045,125;655,875;3089,125
351515 ENGENHEIRO COELHO;3268,75;13692,625;1917,125;18878,5
351518 ESPIRITO SANTO DO PINHAL;5148,125;29016,875;7743,75;41908,75
351519 ESPIRITO SANTO DO TURVO;742,375;2977,5;536,875;4256,75
351520 ESTRELA D'OESTE;1191,25;6388,125;1702,625;9282
351530 ESTRELA DO NORTE;417,125;1888,75;448,625;2754,5
351535 EUCLIDES DA CUNHA PAULISTA;1296,375;5861;1390,375;8547,75
351540 FARTURA;2402,125;11224,75;3064,25;16691,125
351550 FERNANDOPOLIS;9161,375;48542,875;13678,875;71383,125
351560 FERNANDO PRESTES;747,25;3991,25;1234,625;5973,125
351565 FERNAO;250,25;1096,625;315,625;1662,5
351570 FERRAZ DE VASCONCELOS;31006,75;133068,875;19931,25;184006,875
351580 FLORA RICA;181,875;1005,125;392,625;1579,625
351590 FLOREAL;267,25;1803,375;786,75;2857,375
351600 FLORIDA PAULISTA;1640,875;9403,375;2245;13289,25
351610 FLORINEA;395,625;2690,75;538,75;3625,125
351620 FRANCA;52592;249306,375;53583,625;355482
351630 FRANCISCO MORATO;30775,75;120965,5;17459,375;169200,625
351640 FRANCO DA ROCHA;23804,375;106825,375;16127,875;146757,625
351650 GABRIEL MONTEIRO;357,25;1858;602,875;2818,125
351660 GALIA;864,625;4432,625;1412,625;6709,875
351670 GARCA;5917,375;29931,25;8085,875;43934,5
351680 GASTAO VIDIGAL;506,625;2346,125;689,875;3542,625
351685 GAVIAO PEIXOTO;780,125;3300,625;631,875;4712,625
351690 GENERAL SALGADO;1382,75;7112,25;2198,875;10693,875
351700 GETULINA;1271,75;7603,75;1799,5;10675
351710 GLICERIO;632,875;2869,625;852,125;4354,625
351720 GUAICARA;1823,625;7880,75;1652,5;11356,875
351730 GUAIMBE;864,375;3780,125;1000,625;5645,125
351740 GUAIRA;5603,25;28263,125;6320,25;40186,625
351750 GUAPIACU;3074,625;14761;3131,375;20967
351760 GUAPIARA;2750,25;12165,125;2846,5;17761,875
351770 GUARA;3039,625;13539,25;2946,375;19525,25
351780 GUARACAI;902,125;5223;1795,875;7921
351790 GUARACI;1548,625;7262,25;1777,375;10588,25
351800 GUARANI D'OESTE;265,75;1323,625;421,5;2010,875
351810 GUARANTA;1048,625;4476;1062,5;6587,125
351820 GUARARAPES;4375;21861,625;5862;32098,625
351830 GUARAREMA;4636,125;21249,75;4802,375;30688,25
351840 GUARATINGUETA;16558,75;83693,25;20420;120672
351850 GUAREI;1880,875;11315,5;2040,625;15237
351860 GUARIBA;6086,375;27541,375;4799,375;38427,125
351870 GUARUJA;47925,5;213891,375;38697,125;300514
351880 GUARULHOS;214656,375;964554,75;158834,625;1338045,75
351885 GUATAPARA;1199,5;5035,125;1197,75;7432,375
351890 GUZOLANDIA;651,375;3057,25;789,375;4498
351900 HERCULANDIA;1363,375;6361,5;1490;9214,875
351905 HOLAMBRA;2163,75;10189;1908,75;14261,5
351907 HORTOLANDIA;36911,25;170463;25369,25;232743,5
351910 IACANGA;1550,375;7271;1747,125;10568,5
351920 IACRI;867;4250,5;1247,75;6365,25
351925 IARAS;990,125;5746;1006,875;7743
351930 IBATE;5363,75;23685,5;3926,125;32975,375
351940 IBIRA;1647,75;7870,375;2256,875;11775
351950 IBIRAREMA;972,375;4507,875;1170,375;6650,625
351960 IBITINGA;8705,375;41827,75;9187;59720,125
351970 IBIUNA;12335,25;52988,125;11607,875;76931,25
351980 ICEM;1063,875;5659,125;1228,625;7951,625
351990 IEPE;1105,625;5237,125;1491;7833,75
352000 IGARACU DO TIETE;3405,25;17004;3364,5;23773,75
352010 IGARAPAVA;3976,375;18916,5;4822,75;27715,625
352020 IGARATA;1584,875;7064,375;1691,25;10340,5
352030 IGUAPE;4526,375;19874,125;5764,125;30164,625
352040 ILHABELA;5531,375;24785;3912;34228,375
352042 ILHA COMPRIDA;1763,375;7706,625;3038,375;12508,375
352044 ILHA SOLTEIRA;3229,625;18042,125;5113,75;26385,5
352050 INDAIATUBA;36458,375;177031,875;35249,875;248740,125
352060 INDIANA;700;3500,625;925,125;5125,75
352070 INDIAPORA;500,25;2621,625;977,375;4099,25
352080 INUBIA PAULISTA;479,75;2530;695,375;3705,125
352090 IPAUSSU;2224,25;9618;2251,625;14093,875
352100 IPERO;5849,875;25228,25;4126,75;35204,875
352110 IPEUNA;1091,25;4717,125;973,5;6781,875
352115 IPIGUA;956,5;4175,375;1035,375;6167,25
352120 IPORANGA;720,875;2871,75;622;4214,625
352130 IPUA;2227,875;10579,375;1936,625;14743,875
352140 IRACEMAPOLIS;3187,5;15727,25;3024,625;21939,375
352150 IRAPUA;1052,125;4840;1264,375;7156,5
352160 IRAPURU;745,125;5241,5;1471,5;7458,125
352170 ITABERA;2802,875;12701,25;2876;18380,125
352180 ITAI;4157,875;17914,375;3608,25;25680,5
352190 ITAJOBI;2151,5;11212,625;3173,25;16537,375
352200 ITAJU;570,5;2374,75;649,625;3594,875
352210 ITANHAEM;17088,75;70944,875;20835,375;108869
352215 ITAOCA;545,75;2271,375;606,5;3423,625
352220 ITAPECERICA DA SERRA;27673,75;118348,375;18210,75;164232,875
352230 ITAPETININGA;24745,5;112668,375;23035;160448,875
352240 ITAPEVA;14970,375;65311,5;12547;92828,875
352250 ITAPEVI;42383,375;168970,625;21796,375;233150,375
352260 ITAPIRA;9300,5;50898,125;13046,125;73244,75
352265 ITAPIRAPUA PAULISTA;759,125;3005,5;511,375;4276
352270 ITAPOLIS;5378;28247,875;7400,75;41026,625
352280 ITAPORANGA;2254,375;9763,5;2636;14653,875
352290 ITAPUI;2236,125;9312,875;1963,875;13512,875
352300 ITAPURA;609,75;2817,5;749,5;4176,75
352310 ITAQUAQUECETUBA;66792,125;266568,875;35952,75;369313,75
352320 ITARARE;7310,75;32497,75;7256,125;47064,625
352330 ITARIRI;2853,75;10670,25;2425;15949
352340 ITATIBA;16870,875;85032,875;17811,625;119715,375
352350 ITATINGA;3137,875;13858,375;2328,125;19324,375
352360 ITIRAPINA;2093,875;12238;2099,125;16431
352370 ITIRAPUA;972,125;3997,125;990,125;5959,375
352380 ITOBI;1160,75;5585,375;1342,875;8089
352390 ITU;25753,125;121276;24165,25;171194,375
352400 ITUPEVA;11249,25;46474;6716,875;64440,125
352410 ITUVERAVA;5249,25;26812,5;7177,875;39239,625
352420 JABORANDI;886,75;4527,625;1078,5;6492,875
352430 JABOTICABAL;9653,5;51476,375;13178,125;74308
352440 JACAREI;36093,375;169737,75;36067,25;241898,375
352450 JACI;1130,625;5085,875;929,25;7145,75
352460 JACUPIRANGA;2806,125;11396,25;2651,25;16853,625
352470 JAGUARIUNA;8382,625;40433,875;7562,25;56378,75
352480 JALES;6174,75;33786,375;9882,625;49843,75
352490 JAMBEIRO;971;4237,875;1029,375;6238,25
352500 JANDIRA;19683,125;87864,375;12571,75;120119,25
352510 JARDINOPOLIS;7013;31304,375;6209,875;44527,25
352520 JARINU;5764,25;23942,625;4497,25;34204,125
352530 JAU;18842,75;95936,125;23341,125;138120
352540 JERIQUARA;667,5;2618,375;457,5;3743,375
352550 JOANOPOLIS;1837,25;8691;2304;12832,25
352560 JOAO RAMALHO;734,375;3058,875;626,875;4420,125
352570 JOSE BONIFACIO;5239,25;25659,5;5764;36662,75
352580 JULIO MESQUITA;662,25;2965,25;741;4368,5
352585 JUMIRIM;483,5;2093,25;446,875;3023,625
352590 JUNDIAI;59927,875;305230,625;71045,125;436203,625
352600 JUNQUEIROPOLIS;2647,5;14097,5;3700,5;20445,5
352610 JUQUIA;2869,625;12083,125;3241,875;18194,625
352620 JUQUITIBA;4755,125;19873,5;4187,625;28816,25
352630 LAGOINHA;613,375;3421,25;1108,75;5143,375
352640 LARANJAL PAULISTA;3827,125;18428,25;4607,125;26862,5
352650 LAVINIA;622,25;8060,625;1049,375;9732,25
352660 LAVRINHAS;1258;5061,125;877,25;7196,375
352670 LEME;15014,375;70983,375;14253,625;100251,375
352680 LENCOIS PAULISTA;9989,75;47567,75;9672,875;67230,375
352690 LIMEIRA;40650,5;210816,625;46963,25;298430,375
352700 LINDOIA;1019,25;4824,625;1262,25;7106,125
352710 LINS;10403,875;52311,125;13439,875;76154,875
352720 LORENA;12812,125;60192,875;14395,375;87400,375
352725 LOURDES;261,625;1318,5;458,125;2038,25
352730 LOUVEIRA;8341,75;35293,5;5114,875;48750,125
352740 LUCELIA;2443,5;14329,375;3721,625;20494,5
352750 LUCIANOPOLIS;333,125;1586,25;484,5;2403,875
352760 LUIS ANTONIO;2042,5;8829;1459,75;12331,25
352770 LUIZIANIA;767,5;3314,25;811,625;4893,375
352780 LUPERCIO;650,875;2779,125;744,25;4174,25
352790 LUTECIA;398,75;1824,75;506,625;2730,125
352800 MACATUBA;2594,625;11972,25;2510,25;17077,125
352810 MACAUBAL;956,25;5028,625;1751,25;7736,125
352820 MACEDONIA;475,625;2634,875;856,125;3966,625
352830 MAGDA;394,25;2119,375;755;3268,625
352840 MAIRINQUE;7663,5;35086;6972,875;49722,375
352850 MAIRIPORA;14098,875;65675,5;13307,75;93082,125
352860 MANDURI;1429;6702,25;1743,625;9874,875
352870 MARABA PAULISTA;509,75;3561,125;655,375;4726,25
352880 MARACAI;1884,5;9088,875;2193,375;13166,75
352885 MARAPOAMA;421,875;2171,875;542,75;3136,5
352890 MARIAPOLIS;503,75;2464,375;729,75;3697,875
352900 MARILIA;33838;166060,625;40591,75;240490,375
352910 MARINOPOLIS;204,5;1363;387,25;1954,75
352920 MARTINOPOLIS;3397,25;17604,875;4305,375;25307,5
352930 MATAO;10727,375;57308,625;13140,75;81176,75
352940 MAUA;65479,375;315920,5;53550,5;434950,375
352950 MENDONCA;802,625;3950,5;1035,75;5788,875
352960 MERIDIANO;590,375;3051,875;827,875;4470,125
352965 MESOPOLIS;282,875;1329,75;359,25;1971,875
352970 MIGUELOPOLIS;3075,5;14147,25;2990;20212,75
352980 MINEIROS DO TIETE;1689,375;8085,125;1961,875;11736,375
352990 MIRACATU;3376,125;13103,875;3153,25;19633,25
353000 MIRA ESTRELA;392;1988,75;718;3098,75
353010 MIRANDOPOLIS;3103,5;20586,75;5262,625;28952,875
353020 MIRANTE DO PARANAPANEMA;2346,75;11097,125;3216,875;16660,75
353030 MIRASSOL;8753,125;43275,5;10174;62202,625
353040 MIRASSOLANDIA;677,125;3134;846,375;4657,5
353050 MOCOCA;9311,625;47626,75;12708,375;69646,75
353060 MOGI DAS CRUZES;70723,375;316617,75;61327,375;448668,5
353070 MOGI GUACU;21968,5;108814,625;23985,875;154769
353080 MOGI MIRIM;12668,5;65394,875;16219,25;94282,625
353090 MOMBUCA;652,375;2507;487,75;3647,125
353100 MONCOES;253;1287,5;493,875;2034,375
353110 MONGAGUA;8950;38568,75;11755,625;59274,375
353120 MONTE ALEGRE DO SUL;1076,125;5627,5;1717,125;8420,75
353130 MONTE ALTO;6152,125;33604,375;9116,875;48873,375
353140 MONTE APRAZIVEL;2991,75;15399,125;4320,375;22711,25
353150 MONTE AZUL PAULISTA;2390,75;12997,25;3446;18834
353160 MONTE CASTELO;561,125;2802;880,5;4243,625
353170 MONTEIRO LOBATO;647,625;2782;799,25;4228,875
353180 MONTE MOR;10412;44090,375;7178;61680,375
353190 MORRO AGUDO;4756,875;20763,75;3888,25;29408,875
353200 MORUNGABA;2054,875;9445,875;1960;13460,75
353205 MOTUCA;620,875;2917,375;670,625;4208,875
353210 MURUTINGA DO SUL;449,75;2561,625;934,625;3946
353215 NANTES;448,875;1920,25;358,625;2727,75
353220 NARANDIBA;977,75;3741,25;680,75;5399,75
353230 NATIVIDADE DA SERRA;1020,5;4536,375;1519,25;7076,125
353240 NAZARE PAULISTA;2606,125;12437,375;3034,125;18077,625
353250 NEVES PAULISTA;1136,375;6380,75;2098;9615,125
353260 NHANDEARA;1187;6706,875;2473,25;10367,125
353270 NIPOA;774,875;3288,5;654,875;4718,25
353280 NOVA ALIANCA;954,75;4469,625;1176,875;6601,25
353282 NOVA CAMPINA;1577,25;6202;937,75;8717
353284 NOVA CANAA PAULISTA;212,375;1302,125;589,375;2103,875
353286 NOVA CASTILHO;169,25;736,125;190,625;1096
353290 NOVA EUROPA;1510,75;6680;1396,25;9587
353300 NOVA GRANADA;2885,625;13549,25;3392,125;19827
353310 NOVA GUATAPORANGA;300,625;1408,25;492,625;2201,5
353320 NOVA INDEPENDENCIA;644;3084,625;510;4238,625
353325 NOVAIS;823,25;3207,375;556,25;4586,875
353330 NOVA LUZITANIA;421,25;2081;551,625;3053,875
353340 NOVA ODESSA;8633,25;43162,75;8859,375;60655,375
353350 NOVO HORIZONTE;5510,375;26793,75;6917,375;39221,5
353360 NUPORANGA;1093,875;5074,375;1220;7388,25
353370 OCAUCU;680,375;2874,625;822,5;4377,5
353380 OLEO;342,75;1698,875;566,125;2607,75
353390 OLIMPIA;8054,875;37878,25;9418,75;55351,875
353400 ONDA VERDE;722,625;3226,625;659,75;4609
353410 ORIENTE;816,625;4164,25;1247,125;6228
353420 ORINDIUVA;987,875;4334,875;751,25;6074
353430 ORLANDIA;5418,875;28167;6626,25;40212,125
353440 OSASCO;112251;532460,25;98626,875;743338,125
353450 OSCAR BRESSANE;308,875;1619,125;633,875;2561,875
353460 OSVALDO CRUZ;3844,125;21747;6713,5;32304,625
353470 OURINHOS;15485,5;73974,75;18326,625;107786,875
353475 OUROESTE;1435,875;6853,5;1689,625;9979
353480 OURO VERDE;1256,125;5405;1284,375;7945,5
353490 PACAEMBU;1295;11114,25;2353,25;14762,5
353500 PALESTINA;1622,375;7792,5;2190,875;11605,75
353510 PALMARES PAULISTA;1641,625;7458,5;1156,125;10256,25
353520 PALMEIRA D'OESTE;1027,125;6119,625;2186,375;9333,125
353530 PALMITAL;2653,5;13640,5;4274;20568
353540 PANORAMA;2529;10387;2342,125;15258,125
353550 PARAGUACU PAULISTA;6256,25;29647,625;7056,75;42960,625
353560 PARAIBUNA;2635;12180;3191,625;18006,625
353570 PARAISO;836,75;4250,875;1121,375;6209
353580 PARANAPANEMA;3198,375;13580;2577,625;19356
353590 PARANAPUA;557,625;2725,5;759,875;4043
353600 PARAPUA;1373,125;7244,125;2319,125;10936,375
353610 PARDINHO;1119,875;4760,125;1014,5;6894,5
353620 PARIQUERA-ACU;3069,5;13375,125;3101,375;19546
353625 PARISI;374,375;1765;548,875;2688,25
353630 PATROCINIO PAULISTA;2365;9939,375;2141,875;14446,25
353640 PAULICEIA;1286,25;5256,5;1149,125;7691,875
353650 PAULINIA;16413,5;76157,5;12949,5;105520,5
353657 PAULISTANIA;293;1404,125;331,875;2029
353660 PAULO DE FARIA;1023,5;5421,5;1461;7906
353670 PEDERNEIRAS;6883,125;31898,75;6774;45555,875
353680 PEDRA BELA;869,5;4384,5;1244;6498
353690 PEDRANOPOLIS;330,25;1801,375;665,875;2797,5
353700 PEDREGULHO;2428,75;11023,5;2564,25;16016,5
353710 PEDREIRA;5809,125;31526,375;6932,875;44268,375
353715 PEDRINHAS PAULISTA;359,375;1975,375;562,5;2897,25
353720 PEDRO DE TOLEDO;1897;7414,75;2018;11329,75
353730 PENAPOLIS;8785,875;42396,375;11563;62745,25
353740 PEREIRA BARRETO;3480,25;16872,25;4647;24999,5
353750 PEREIRAS;1364,375;5767,125;1449,75;8581,25
353760 PERUIBE;10475,625;44442,75;13232,5;68150,875
353770 PIACATU;762,25;3806,25;1049,5;5618
353780 PIEDADE;7892,75;37773,625;8953,125;54619,5
353790 PILAR DO SUL;4386,625;19430;4450;28266,625
353800 PINDAMONHANGABA;25880,875;116439,75;24168,75;166489,375
353810 PINDORAMA;1937,125;10223,75;2922,875;15083,75
353820 PINHALZINHO;2028,75;9960;3009,375;14998,125
353830 PIQUEROBI;436;2334,375;645,75;3416,125
353850 PIQUETE;1725,875;8907,5;2644,625;13278
353860 PIRACAIA;3538,25;18362,125;4812,875;26713,25
353870 PIRACICABA;59222,25;295736;65839,25;420797,5
353880 PIRAJU;4207,375;20353,5;5667,375;30228,25
353890 PIRAJUI;2752,875;16428,875;3877,75;23059,5
353900 PIRANGI;1406,75;7542,5;2112;11061,25
353910 PIRAPORA DO BOM JESUS;3361,125;12911;1776,375;18048,5
353920 PIRAPOZINHO;3627,5;18077;4257;25961,5
353930 PIRASSUNUNGA;10406,375;51111,125;13527,125;75044,625
353940 PIRATININGA;2177,875;9887,875;2498;14563,75
353950 PITANGUEIRAS;5628,25;25260,875;4551,75;35440,875
353960 PLANALTO;687,25;3137,625;704,875;4529,75
353970 PLATINA;502,625;2090,5;538,375;3131,5
353980 POA;16687,375;77743,25;14501,25;108931,875
353990 POLONI;802,875;3692,25;1180,625;5675,75
354000 POMPEIA;2829,375;14155,5;3662,75;20647,625
354010 PONGAI;410,25;2304,125;780,125;3494,5
354020 PONTAL;6647,75;28936,25;4205,25;39789,25
354025 PONTALINDA;661;2892,875;661,75;4215,625
354030 PONTES GESTAL;347,5;1608,625;515,875;2472
354040 POPULINA;549,75;2793,875;922,625;4266,25
354050 PORANGABA;1360;6443,875;2271,25;10075,125
354060 PORTO FELIZ;8149,375;39453,25;8455;56057,625
354070 PORTO FERREIRA;7555,125;37875,5;8852,125;54282,75
354075 POTIM;3163,5;15444,25;2036,125;20643,875
354080 POTIRENDABA;2607;12175,25;3158,625;17940,875
354085 PRACINHA;211,25;2232;285,75;2729
354090 PRADOPOLIS;2658,125;12541;2473,125;17672,25
354100 PRAIA GRANDE;52614,625;228844;53012,25;334470,875
354105 PRATANIA;856;3638,5;591,5;5086
354110 PRESIDENTE ALVES;559,75;2625,25;787,5;3972,5
354120 PRESIDENTE BERNARDES;1489,375;10140,625;2901,5;14531,5
354130 PRESIDENTE EPITACIO;5958,25;28562,5;7063,875;41584,625
354140 PRESIDENTE PRUDENTE;31025,5;158666,625;39892,25;229584,375
354150 PRESIDENTE VENCESLAU;4535,75;25310,125;7420;37265,875
354160 PROMISSAO;5365,375;25212,125;6047,125;36624,625
354165 QUADRA;539,5;2315,375;606;3460,875
354170 QUATA;2100,5;9291,875;2028,625;13421
354180 QUEIROZ;549,5;2268,125;404,75;3222,375
354190 QUELUZ;1526,375;6869,125;1469;9864,5
354200 QUINTANA;1041,5;4705,625;1116,5;6863,625
354210 RAFARD;1351,75;6320,125;1389,125;9061
354220 RANCHARIA;4226,75;20249;5169,75;29645,5
354230 REDENCAO DA SERRA;633,875;2874,5;934;4442,375
354240 REGENTE FEIJO;2840,25;13868,125;3476,375;20184,75
354250 REGINOPOLIS;831,125;5852,75;1103,125;7787
354260 REGISTRO;9494,625;41809,375;9088,875;60392,875
354270 RESTINGA;1134,75;4654;862,5;6651,25
354280 RIBEIRA;514,375;2138,75;609,75;3262,875
354290 RIBEIRAO BONITO;1779,5;7970,375;1887,625;11637,5
354300 RIBEIRAO BRANCO;3414,625;13322,125;2233,25;18970
354310 RIBEIRAO CORRENTE;803;3180,75;648,625;4632,375
354320 RIBEIRAO DO SUL;640,875;3140,125;949,875;4730,875
354323 RIBEIRAO DOS INDIOS;243,75;1386,375;483,125;2113,25
354325 RIBEIRAO GRANDE;1134;5296,125;1227,125;7657,25
354330 RIBEIRAO PIRES;16222,75;84383,625;19022,375;119628,75
354340 RIBEIRAO PRETO;95562,375;495875,375;108604,875;700042,625
354350 RIVERSUL;923,375;3874,125;1070,625;5868,125
354360 RIFAINA;559,75;2699,625;709,5;3968,875
354370 RINCAO;1448,25;6676,875;1580,125;9705,25
354380 RINOPOLIS;1250,75;6372,5;2072,125;9695,375
354390 RIO CLARO;28127;143593,625;33595,25;205315,875
354400 RIO DAS PEDRAS;5064,875;22908;4002,875;31975,75
354410 RIO GRANDE DA SERRA;7363;33159,5;5423,5;45946
354420 RIOLANDIA;1326,625;7993,875;1346,75;10667,25
354425 ROSANA;2575,5;12735,625;3177,625;18488,75
354430 ROSEIRA;1741,625;7550,875;1457,75;10750,25
354440 RUBIACEA;454,375;1911,5;394,75;2760,625
354450 RUBINEIA;443,125;2254,625;936,375;3634,125
354460 SABINO;702,125;3409,25;1183,625;5295
354470 SAGRES;366,25;1640,75;486,75;2493,75
354480 SALES;873,5;4166,5;1293,625;6333,625
354490 SALES OLIVEIRA;1589,875;7915,375;1959,625;11464,875
354500 SALESOPOLIS;2385,375;10778,875;2547,125;15711,375
354510 SALMOURAO;724,625;3283,5;907,75;4915,875
354515 SALTINHO;1027,875;5521,375;1487,125;8036,375
354520 SALTO;19692,75;92200,5;17846;129739,25
354530 SALTO DE PIRAPORA;6743,375;30970,375;6689,5;44403,25
354540 SALTO GRANDE;1371,625;6118,625;1730,25;9220,5
354550 SANDOVALINA;637,125;2568,875;542,75;3748,75
354560 SANTA ADELIA;1980,5;9980,875;2529,75;14491,125
354570 SANTA ALBERTINA;856;4077,125;1379,875;6313
354580 SANTA BARBARA D'OESTE;25644,75;134690,625;29986;190321,375
354600 SANTA BRANCA;1947,375;9774,375;2575,5;14297,25
354610 SANTA CLARA D'OESTE;358,75;1622,75;486;2467,5
354620 SANTA CRUZ DA CONCEICAO;534,75;2848,125;958;4340,875
354625 SANTA CRUZ DA ESPERANCA;331,375;1387,125;421,875;2140,375
354630 SANTA CRUZ DAS PALMEIRAS;4504;21300,875;4510,375;30315,25
354640 SANTA CRUZ DO RIO PARDO;6984,125;32030,25;8283,875;47298,25
354650 SANTA ERNESTINA;913,75;4398,5;781,125;6093,375
354660 SANTA FE DO SUL;4489,75;23125,5;6501,75;34117
354670 SANTA GERTRUDES;3872,25;17223,375;2560;23655,625
354680 SANTA ISABEL;8212,125;38079,75;7981,75;54273,625
354690 SANTA LUCIA;1151,125;5379,125;1116,375;7646,625
354700 SANTA MARIA DA SERRA;892,75;3734,75;789,25;5416,75
354710 SANTA MERCEDES;454,5;1999,5;530,125;2984,125
354720 SANTANA DA PONTE PENSA;174,5;1057,125;472,75;1704,375
354730 SANTANA DE PARNAIBA;24557,5;103589;17169,125;145315,625
354740 SANTA RITA D'OESTE;295,875;1729,5;703,5;2728,875
354750 SANTA RITA DO PASSA QUATRO;3083,75;17029,125;5954,375;26067,25
354760 SANTA ROSA DE VITERBO;3360;16445,5;4399,75;24205,25
354765 SANTA SALETE;190,375;1048,5;377;1615,875
354770 SANTO ANASTACIO;2394;12831,75;3864,875;19090,625
354780 SANTO ANDRE;99185,625;530723,125;129937,875;759846,625
354790 SANTO ANTONIO DA ALEGRIA;992,625;4499,75;1294,5;6786,875
354800 SANTO ANTONIO DE POSSE;3564,125;16297,375;3186,25;23047,75
354805 SANTO ANTONIO DO ARACANGUA;1211,125;5773,25;1401,25;8385,625
354810 SANTO ANTONIO DO JARDIM;821,875;4208,5;1195,75;6226,125
354820 SANTO ANTONIO DO PINHAL;1011,375;4953;1164,75;7129,125
354830 SANTO EXPEDITO;398;1975,5;642,375;3015,875
354840 SANTOPOLIS DO AGUAPEI;647;2816,625;634,5;4098,125
354850 SANTOS;49802,75;285610,25;99799,75;435212,75
354860 SAO BENTO DO SAPUCAI;1563,125;7821,75;2245,375;11630,25
354870 SAO BERNARDO DO CAMPO;115988,625;595788,75;123784,75;835562,125
354880 SAO CAETANO DO SUL;19512,5;110376,375;37094,875;166983,75
354890 SAO CARLOS;34990,75;178960,875;41249,5;255201,125
354900 SAO FRANCISCO;316,625;1744,375;658,625;2719,625
354910 SAO JOAO DA BOA VISTA;12046,375;64071,875;16920,625;93038,875
354920 SAO JOAO DAS DUAS PONTES;331;1793;498,25;2622,25
354925 SAO JOAO DE IRACEMA;267;1237;356,375;1860,375
354930 SAO JOAO DO PAU D'ALHO;262;1409,625;585,375;2257
354940 SAO JOAQUIM DA BARRA;7015,5;34745,25;7970,25;49731
354950 SAO JOSE DA BELA VISTA;1352,125;5563,375;1133,25;8048,75
354960 SAO JOSE DO BARREIRO;606,875;2676,25;704,625;3987,75
354970 SAO JOSE DO RIO PARDO;7256,75;36170,375;10349,75;53776,875
354980 SAO JOSE DO RIO PRETO;63626,875;333273,375;79641,75;476542
354990 SAO JOSE DOS CAMPOS;105697,75;499258,25;102975,75;707931,75
354995 SAO LOURENCO DA SERRA;2458,625;11089,25;2323,875;15871,75
355000 SAO LUIS DO PARAITINGA;1304,625;7108,75;2186,625;10600
355010 SAO MANUEL;5553,875;27199,75;6196,75;38950,375
355020 SAO MIGUEL ARCANJO;5255,125;22960,625;4920,125;33135,875
355030 SAO PAULO;1662096;8461648,75;1862045,625;11985790,375
355040 SAO PEDRO;5159,5;25071,875;7344,875;37576,25
355050 SAO PEDRO DO TURVO;1169,25;4980;1220,125;7369,375
355060 SAO ROQUE;11730;56724,375;13651,125;82105,5
355070 SAO SEBASTIAO;13667,125;58977;9619,375;82263,5
355080 SAO SEBASTIAO DA GRAMA;1475,75;7652,75;2020,75;11149,25
355090 SAO SIMAO;1862;9604,375;2652,25;14118,625
355100 SAO VICENTE;51084,375;242028,25;51335,25;344447,875
355110 SARAPUI;1631,25;6955,75;1678,125;10265,125
355120 SARUTAIA;554,875;2536,625;675,25;3766,75
355130 SEBASTIANOPOLIS DO SUL;441,375;2084,75;635,375;3161,5
355140 SERRA AZUL;1516,125;9714;1477,5;12707,625
355150 SERRANA;7362,375;31911,75;4888,375;44162,5
355160 SERRA NEGRA;3752,625;19900,875;6205,75;29859,25
355170 SERTAOZINHO;19306,25;90316,75;16951,75;126574,75
355180 SETE BARRAS;2269,125;8747,625;2172;13188,75
355190 SEVERINIA;2335,5;10797,625;2087,125;15220,25
355200 SILVEIRAS;942,75;4245,5;1050;6238,25
355210 SOCORRO;5108,75;26949;8499,625;40557,375
355220 SOROCABA;104180,75;506400,5;99480,25;710061,5
355230 SUD MENNUCCI;1092,875;5196,25;1262,125;7551,25
355240 SUMARE;44269;201279;33139,5;278687,5
355250 SUZANO;49993,875;218805;36495,5;305294,375
355255 SUZANAPOLIS;488,25;2386,75;611,25;3486,25
355260 TABAPUA;1514,375;7904,25;2262,125;11680,75
355270 TABATINGA;2333,125;10373,25;2348,375;15054,75
355280 TABOAO DA SERRA;43284;202159,875;32146,625;277590,5
355290 TACIBA;990,25;4293,5;944,25;6228
355300 TAGUAI;2084;8726,375;1622,25;12432,625
355310 TAIACU;807,125;4028,75;1023,25;5859,125
355320 TAIUVA;724,375;4499,125;1162,625;6386,125
355330 TAMBAU;3248,75;15094,625;3925,5;22268,875
355340 TANABI;3452,125;17300;4931,5;25683,625
355350 TAPIRAI;1385,25;5584,125;1262,625;8232
355360 TAPIRATIBA;1577;8541,5;2249,875;12368,375
355365 TAQUARAL;354,25;1871,875;488,75;2714,875
355370 TAQUARITINGA;7508,625;37596,625;9554,5;54659,75
355380 TAQUARITUBA;3505;17209,25;3616,625;24330,875
355385 TAQUARIVAI;1161,625;4584,625;742;6488,25
355390 TARABAI;1035,5;4707;974;6716,5
355395 TARUMA;2465,75;10362,125;1867,75;14695,625
355400 TATUI;19063,375;86509;17959,25;123531,625
355410 TAUBATE;45469,25;219058,75;48223,875;312751,875
355420 TEJUPA;705,5;2979,875;712,875;4398,25
355430 TEODORO SAMPAIO;3737,875;15655,25;3106,75;22499,875
355440 TERRA ROXA;1175,5;5696,25;1415,5;8287,25
355450 TIETE;5430;27042,5;6430,875;38903,375
355460 TIMBURI;345,625;1655,625;583,125;2584,375
355465 TORRE DE PEDRA;281,25;1402;454,125;2137,375
355470 TORRINHA;1302,875;6375,875;1874,75;9553,5
355475 TRABIJU;256,25;1183,5;244,375;1684,125
355480 TREMEMBE;6855,875;36338,375;6632,875;49827,125
355490 TRES FRONTEIRAS;893,375;4326,375;1298,375;6518,125
355495 TUIUTI;871,5;4379,125;1466,125;6716,75
355500 TUPA;8473,25;44047,375;13355;65875,625
355510 TUPI PAULISTA;1675,875;10734,25;3373,375;15783,5
355520 TURIUBA;240,5;1167,625;473;1881,125
355530 TURMALINA;147,125;1117,375;506,75;1771,25
355535 UBARANA;911;3830,625;744,375;5486
355540 UBATUBA;14423,75;65387,125;11999,25;91810,125
355550 UBIRAJARA;866,625;3371,125;783,25;5021
355560 UCHOA;1359,25;6986,75;2051,125;10397,125
355570 UNIAO PAULISTA;266,875;1096,5;251,125;1614,5
355580 URANIA;1120,375;6001,125;1943,875;9065,375
355590 URU;190,375;876;305;1371,375
355600 URUPES;1687,25;9261,625;2815,25;13764,125
355610 VALENTIM GENTIL;2013,625;9355,875;2057,25;13426,75
355620 VALINHOS;16293;88614,25;20142,75;125050
355630 VALPARAISO;3595,375;17672;3164;24431,375
355635 VARGEM;1591,375;6925,5;1683,125;10200
355640 VARGEM GRANDE DO SUL;6016,125;28524,75;6827,375;41368,25
355645 VARGEM GRANDE PAULISTA;8130,625;35349,875;6523,375;50003,875
355650 VARZEA PAULISTA;18692;85159,25;14103,125;117954,375
355660 VERA CRUZ;1413,5;7035,625;2160,625;10609,75
355670 VINHEDO;10601,625;52803,125;11718,5;75123,25
355680 VIRADOURO;2645,75;12346,75;2806,875;17799,375
355690 VISTA ALEGRE DO ALTO;1265,375;5621,5;1011,875;7898,75
355695 VITORIA BRASIL;233;1256,25;325;1814,25
355700 VOTORANTIM;19778,5;90592,25;16471,25;126842
355710 VOTUPORANGA;12604,25;66412,75;17228,5;96245,5
355715 ZACARIAS;390,75;1758,875;513,125;2662,75
355720 CHAVANTES;1933,5;8473;2118;12524,5
355730 ESTIVA GERBI;1689;7910,125;1583,125;11182,25
